2000,adhyāropaṇā,adhyāropaṇā,Feminine,1,移植,Implantation
2001,adhyeṣaṇā,adhyeṣaṇā,Feminine,1,研究,Studies
2002,anuyātrā,anuyātrā,Feminine,1,追跡、追求、追跡調査、事後点検,Follow-up
2003,anveṣaṇā,anveṣaṇā,Feminine,1,調査,Investigation
2004,abhāvanā,abhāvanā,Feminine,1,足らない,lack
2005,ayaspātrā,ayaspātrā,Feminine,1,鉄器,Iron vessel
2006,arcanā,arcanā,Feminine,1,アルカナ,Archana
2007,arthamātrā,arthamātrā,Feminine,1,音量,volume
2008,arthāpattisamā,arthāpattisamā,Feminine,1,解釈では,In the interpretation
2009,avamānanā,avamānanā,Feminine,1,軽蔑,contempt
2010,avahelā,avahelā,Feminine,1,アヴェラ,Avhela
2011,avibhāvanā,avibhāvanā,Feminine,1,想像を絶する,Inconceivability
2012,ānupūrvā,ānupūrvā,Feminine,1,アヌプルバ,Anupurva
2013,ālocanā,ālocanā,Feminine,1,批判,criticism
2014,āstaraṇā,āstaraṇā,Feminine,1,粘膜,Lining
2015,uktā,uktā,Feminine,1,言った,said
2016,uttejanā,uttejanā,Feminine,1,刺激,stimulation
2017,udghoṣaṇā,udghoṣaṇā,Feminine,1,発表,Announcement
2018,upajighraṇā,upajighraṇā,Feminine,1,サブスメル,Subsmell
2019,upajīvakā,upajīvakā,Feminine,1,生存,subsistence
2020,upalālanā,upalālanā,Feminine,1,渇望,crave
2021,upasthitā,upasthitā,Feminine,1,出席,Attendance
2022,upārjanā,upārjanā,Feminine,1,収益,Earnings
2023,upāsanā,upāsanā,Feminine,1,崇拝,worship
2024,upodakā,upodakā,Feminine,1,ウポドカ,Upodka
2025,eṣaṇā,eṣaṇā,Feminine,1,エシャナ,Eshana
2026,kadarthanā,kadarthanā,Feminine,1,カダルタナ,Kadarthana
2027,kanyākubjā,kanyākubjā,Feminine,1,カニャクブジャ,Kanyakubja
2028,kamalā,kamalā,Feminine,1,カマラ,Kamala
2029,kalāpūrā,kalāpūrā,Feminine,1,カラプラ,Kalapura
2030,kaśerukā,kaśerukā,Feminine,1,脊椎,Vertebrae
2031,kādambarā,kādambarā,Feminine,1,カダンバラ,Kadambara
2032,kāmpilyā,kāmpilyā,Feminine,1,カンピリヤ,Kampilya
2033,kuṭilā,kuṭilā,Feminine,1,曲がった,Crooked
2034,gavyā,gavyā,Feminine,1,ガヴィア,Gavya
2035,gāntrā,gāntrā,Feminine,1,ガントラ,Gantra
2036,gorakṣataṇḍulā,gorakṣataṇḍulā,Feminine,1,Gorakshatundula,Gorakshatundula
2037,golā,golā,Feminine,1,球体,Sphere
2038,ghaṭanā,ghaṭanā,Feminine,1,イベント,event
2039,candrakāntā,candrakāntā,Feminine,1,チャンドラカンタ,Chandrakanta
2040,cāmarā,cāmarā,Feminine,1,革、なめし革、革製品、革ひも、あぶみ革,Leather
2041,cirbhiṭā,cirbhiṭā,Feminine,1,チルビタ,Chirbhita
2042,cūḍālā,cūḍālā,Feminine,1,チュダラ,chudala
2043,codanā,codanā,Feminine,1,クソ,Fucking
2044,trikhaṭvā,trikhaṭvā,Feminine,1,trikhatva,trikhatva
2045,dardurā,dardurā,Feminine,1,ダルドゥラ,dardura
2046,dāmaliptā,dāmaliptā,Feminine,1,ダムリプタ,Damlipta
2047,dvipañcamūlā,dvipañcamūlā,Feminine,1,Dwipanchmula,Dwipanchmula
2048,dharṣaṇā,dharṣaṇā,Feminine,1,嫌悪,aversion
2049,nakhā,nakhā,Feminine,1,爪,Nail
2050,pañcamūlā,pañcamūlā,Feminine,1,Panchmula,Panchmula
2051,paradāropasevanā,paradāropasevanā,Feminine,1,pardaropsevana,pardaropsevana
2052,pāṃsanā,pāṃsanā,Feminine,1,回転,to spin
2053,pālaṅkyā,pālaṅkyā,Feminine,1,パランキア,Palankya
2054,piñjūlā,piñjūlā,Feminine,1,ピンジュラ,pinjula
2055,prakalpanā,prakalpanā,Feminine,1,仮説,Hypothesis
2056,pracchanā,pracchanā,Feminine,1,尋問,Interrogation
2057,pradharṣaṇā,pradharṣaṇā,Feminine,1,プラダーシュナ,Pradharshna
2058,prarūpaṇā,prarūpaṇā,Feminine,1,処方,Formulation
2059,pravahaṇā,pravahaṇā,Feminine,1,伝達、伝送,transmission
2060,prāsādāṅganā,prāsādāṅganā,Feminine,1,宮殿の女性,The palace lady
2061,phaṇitā,phaṇitā,Feminine,1,funita,funita
2062,baliśā,baliśā,Feminine,1,バリシャ,Balisha
2063,yajyā,yajyā,Feminine,1,ヤジャ,yajya
2064,yamadevatā,yamadevatā,Feminine,1,山デヴァタ,Yamadevata
2065,yojanā,yojanā,Feminine,1,予定,plan
2066,lomaruhā,lomaruhā,Feminine,1,子鹿,fawn
2067,vañcanā,vañcanā,Feminine,1,欺くこと,Deception
2068,viśā,viśā,Feminine,1,願い,Wish
2069,śukapakṣīyā,śukapakṣīyā,Feminine,1,シュカパクシヤ,Shukapakshiya
2070,saṃvananā,saṃvananā,Feminine,1,サンバンナ,Sanvanna
2071,saṃvalanā,saṃvalanā,Feminine,1,サンヴァルナ,Sanvalna
2072,satyāpanā,satyāpanā,Feminine,1,検証,Verification
2073,svarūpakā,svarūpakā,Feminine,1,形式の,of the form
2074,agā,agā,Feminine,1,アガ,Agha
2075,atiṣṭhā,atiṣṭhā,Feminine,1,威信,prestige
2076,atisundarā,atisundarā,Feminine,1,非常に美しい,Very beautiful
2077,anutpattisamā,anutpattisamā,Feminine,1,起源がない場合,In the absence of origin
2078,anupalabdhisamā,anupalabdhisamā,Feminine,1,利用できなくなるまで,Until unavailability
2079,anūrādhā,anūrādhā,Feminine,1,アヌラダ,Anuradha
2080,antaḥsthā,antaḥsthā,Feminine,1,内部,Internal
2081,antyavarṇā,antyavarṇā,Feminine,1,Antyavarna,Antyavarna
2082,anyapuṣṭā,anyapuṣṭā,Feminine,1,その他確認済み,Other confirmed
2083,anyabhṛtā,anyabhṛtā,Feminine,1,他の従業員,Other employees
2084,apakarṣasamā,apakarṣasamā,Feminine,1,控除時,At the time of deduction
2085,abhidhā,abhidhā,Feminine,1,アビダ,Abhidha
2086,abhujiṣyā,abhujiṣyā,Feminine,1,食べません,I will not eat
2087,amitrā,amitrā,Feminine,1,アミトラ,Amitra
2088,ararā,ararā,Feminine,1,アラ,Arra
2089,alomakā,alomakā,Feminine,1,アロムカ,Alomka
2090,ātā,ātā,Feminine,1,今,Now
2091,ānandā,ānandā,Feminine,1,アナンダ,Ananda
2092,ānidheyā,ānidheyā,Feminine,1,anidheya,anidheya
2093,ānudṛṣṭineyā,ānudṛṣṭineyā,Feminine,1,洞察力,Insightfulness
2094,ānusṛtineyā,ānusṛtineyā,Feminine,1,追跡、追求、追跡調査、事後点検,Follow-up
2095,ānusṛṣṭineyā,ānusṛṣṭineyā,Feminine,1,anusrushtineya,anusrushtineya
2096,āpastambā,āpastambā,Feminine,1,aapstamba,aapstamba
2097,ābādhā,ābādhā,Feminine,1,混雑,Congestion
2098,ābhryā,ābhryā,Feminine,1,アヴリア,Avrya
2099,āmalakā,āmalakā,Feminine,1,アマルカ,Amalaka
2100,āmlā,āmlā,Feminine,1,アムラ,Amla
2101,ārgalā,ārgalā,Feminine,1,アルガラ,Argala
2102,ārtabhāgā,ārtabhāgā,Feminine,1,Arthabhaga,Arthabhaga
2103,āvaṭyā,āvaṭyā,Feminine,1,avatya,avatya
2104,āśokeyā,āśokeyā,Feminine,1,あそけや,asokeya
2105,āśmarathā,āśmarathā,Feminine,1,ashmartha,ashmartha
2106,āśvapālikā,āśvapālikā,Feminine,1,馬術,Horsemanship
2107,ikṣubhakṣitā,ikṣubhakṣitā,Feminine,1,砂糖黍を食べたこと,chewing sugar-cane
2108,iṅgudā,iṅgudā,Feminine,1,イングダ,Inguda
2109,iṅgulā,iṅgulā,Feminine,1,イングラ,Ingula
2110,īkṣaṇikā,īkṣaṇikā,Feminine,1,イクシャニカ,Ikshanika
2111,īśvarā,īśvarā,Feminine,1,神,God
2112,upadīkā,upadīkā,Feminine,1,Updika,Updika
2113,upavākā,upavākā,Feminine,1,ウパバカ,Upavaka
2114,upahārakā,upahārakā,Feminine,1,贈り物の,of gifts
2115,urasā,urasā,Feminine,1,ウルサ,Ursa
2116,ullā,ullā,Feminine,1,ウラ,Ullah
2117,eṇā,eṇā,Feminine,1,恵那,Ena
2118,aikalavyā,aikalavyā,Feminine,1,eklavya,eklavya
2119,aikāgārikā,aikāgārikā,Feminine,1,一夫一婦の、一雌一雄の,monogamous
2120,aikṣvākā,aikṣvākā,Feminine,1,イクシュヴァカ,Ikshvaka
2121,autkṣepā,autkṣepā,Feminine,1,推測,conjecture
2122,aupagavā,aupagavā,Feminine,1,弾劾,impeachment
2123,auśanasā,auśanasā,Feminine,1,オーシャンサ,Aushansa
2124,kaṃdharā,kaṃdharā,Feminine,1,肩,Shoulder
2125,kakṣā,kakṣā,Feminine,1,クラスルーム,Classroom
2126,kaṅgukā,kaṅgukā,Feminine,1,カングカ,Kanguka
2127,kacchā,kacchā,Feminine,1,半ズボン、運動パンツ、ショーツ,Shorts
2128,kaṭapūtanā,kaṭapūtanā,Feminine,1,カプトナ,Kaputna
2129,kaṭorā,kaṭorā,Feminine,1,わん、鉢,The bowl
2130,kaṭṭārakā,kaṭṭārakā,Feminine,1,Kattarka,Kattarka
2131,kaṇṭhīlā,kaṇṭhīlā,Feminine,1,カンティラ,Kanthila
2132,kadalā,kadalā,Feminine,1,カダラ,Kadala
2133,kapāṭakā,kapāṭakā,Feminine,1,食器棚,cupboard
2134,kapicūḍā,kapicūḍā,Feminine,1,カピチュダ,Kapichuda
2135,karañjakā,karañjakā,Feminine,1,カランジャカ,Karanjaka
2136,karaṇḍakā,karaṇḍakā,Feminine,1,カランダカ,Karandaka
2137,karatālā,karatālā,Feminine,1,します,does
2138,kalpapālā,kalpapālā,Feminine,1,カルパパラ,Kalpapala
2139,kalyapālā,kalyapālā,Feminine,1,カリャパラ,Kalyapala
2140,kalyapālakā,kalyapālakā,Feminine,1,カリャパラカ,Kalyapalaka
2141,kavarā,kavarā,Feminine,1,カヴラ,Kavra
2142,kāṃsyakārā,kāṃsyakārā,Feminine,1,ブロンズカラ,bronze kara
2143,kākoḍumbarā,kākoḍumbarā,Feminine,1,カコダンバラ,Kakodumbara
2144,kāmalā,kāmalā,Feminine,1,カムラ,Kamla
2145,kārukā,kārukā,Feminine,1,カルカ,Karuka
2146,kiśarikā,kiśarikā,Feminine,1,女の赤ちゃん,baby girl
2147,kucikā,kucikā,Feminine,1,クチカ,Kuchika
2148,kuṭhāṭaṅkā,kuṭhāṭaṅkā,Feminine,1,クタタンカ,Kuthatanka
2149,kulaghnā,kulaghnā,Feminine,1,クルグナ,Kulghna
2150,kulanandanā,kulanandanā,Feminine,1,クラナンダナ,Kulanandana
2151,kulapā,kulapā,Feminine,1,クルパ,Kulpa
2152,kuvalā,kuvalā,Feminine,1,クヴァラ,Kuvala
2153,kusīdā,kusīdā,Feminine,1,草田,Kusida
2154,kusīdikā,kusīdikā,Feminine,1,kusidika,kusidika
2155,kūṭā,kūṭā,Feminine,1,クタ,Kuta
2156,kṛpā,kṛpā,Feminine,1,好意,favour
2157,kecukā,kecukā,Feminine,1,ケチュカ,Kechuka
2158,kolāhalā,kolāhalā,Feminine,1,雑音,The noise
2159,kaukilā,kaukilā,Feminine,1,カウキラ,Kaukila
2160,kaulaṭineyā,kaulaṭineyā,Feminine,1,kaultinea,kaultinea
2161,kaulaṭeyā,kaulaṭeyā,Feminine,1,コルテヤ,Kaulteya
2162,kaulaṭerā,kaulaṭerā,Feminine,1,コルテラ,Coultera
2163,kṣupakā,kṣupakā,Feminine,1,撹拌,stirring
2164,khurakhurā,khurakhurā,Feminine,1,粗い,rough
2165,gañjā,gañjā,Feminine,1,はげ,Baldness
2166,guggulukā,guggulukā,Feminine,1,ググルカ,Gugguluka
2167,guṇḍrā,guṇḍrā,Feminine,1,ガンドラ,Gundra
2168,ghargharā,ghargharā,Feminine,1,ガルガラ,Gharghara
2169,ciṅgaṭā,ciṅgaṭā,Feminine,1,指輪,ring
2170,ciciṇḍā,ciciṇḍā,Feminine,1,ちちんだ,Chichinda
2171,cutā,cutā,Feminine,1,ちゅた,Chuta
2172,caikayatā,caikayatā,Feminine,1,チェック可能性,checkability
2173,caidikā,caidikā,Feminine,1,チャディカ,chadika
2174,jālmā,jālmā,Feminine,1,ジャルマ,Jalma
2175,jhampā,jhampā,Feminine,1,ジャンパ,Jhampa
2176,ḍimbhakā,ḍimbhakā,Feminine,1,卵,Eggs
2177,tārṇā,tārṇā,Feminine,1,タルナ,tarna
2178,tintiḍā,tintiḍā,Feminine,1,ティネア,tinea
2179,tairaṇā,tairaṇā,Feminine,1,水泳,Swimming
2180,traṅgā,traṅgā,Feminine,1,トライアン,triang
2181,daiḍā,daiḍā,Feminine,1,大田,Daida
2182,daivakovidā,daivakovidā,Feminine,1,神託、託宣、神託所、神命,oracle
2183,dorakā,dorakā,Feminine,1,ドルカ,dorka
2184,drāṇā,drāṇā,Feminine,1,飲んだ,Drana
2185,naṭṭā,naṭṭā,Feminine,1,ナッタ,natta
2186,nikumbhilā,nikumbhilā,Feminine,1,nikumbhila,nikumbhila
2187,pacā,pacā,Feminine,1,消化,Digested
2188,pajrā,pajrā,Feminine,1,pajra,pajra
2189,paṭalā,paṭalā,Feminine,1,パトラ,patla
2190,paruṣā,paruṣā,Feminine,1,パルシャ,Parusha
2191,parpikā,parpikā,Feminine,1,パプリカ,paprika
2192,palitā,palitā,Feminine,1,パリタ,Palita
2193,pāṭhanā,pāṭhanā,Feminine,1,教える,Teaching
2194,pāpā,pāpā,Feminine,1,お父さん,Dad
2195,pālaṅkā,pālaṅkā,Feminine,1,パランカ,Palanka
2196,piṇḍakharjūrā,piṇḍakharjūrā,Feminine,1,ひょうたん,gourd
2197,puttalakā,puttalakā,Feminine,1,マネキン,mannequin
2198,prakṣveḍanā,prakṣveḍanā,Feminine,1,プラクショードナ,Prakshawdna
2199,prakṣvedanā,prakṣvedanā,Feminine,1,苦悩,anguish
2200,praṇavā,praṇavā,Feminine,1,プラナバ,Pranava
2201,pravāhā,pravāhā,Feminine,1,流れ,flow
2202,pravāhaṇeyā,pravāhaṇeyā,Feminine,1,流動性,flowable
2203,prājāpatyā,prājāpatyā,Feminine,1,プラジャパティア,Prajapatya
2204,bṛhannalā,bṛhannalā,Feminine,1,ブリハナラ,Brihannala
2205,bhāgadhā,bhāgadhā,Feminine,1,バーグダ,Bhaagdha
2206,matsarā,matsarā,Feminine,1,嫉妬,Jealousy
2207,mahāsmṛtimayā,mahāsmṛtimayā,Feminine,1,素晴らしい思い出,great memory
2208,mūrtimayā,mūrtimayā,Feminine,1,偶像化,idolized
2209,mūṣīkā,mūṣīkā,Feminine,1,鼠、ねずみ,The mouse
2210,yajñadattakā,yajñadattakā,Feminine,1,やぎだたたか,Yagyadattaka
2211,yantrakā,yantrakā,Feminine,1,機械の,of the machine
2212,lohitakā,lohitakā,Feminine,1,myrrh,myrrh
2213,vacchā,vacchā,Feminine,1,ふくらはぎ,Calf
2214,vaśānugā,vaśānugā,Feminine,1,ヴァサヌガ,Vasanuga
2215,vārtākā,vārtākā,Feminine,1,会話の,of the conversation
2216,vāśakā,vāśakā,Feminine,1,ヴァシュカ,Vashka
2217,vivekadīpakā,vivekadīpakā,Feminine,1,Vivekdeepka,Vivekdeepka
2218,vaimātrā,vaimātrā,Feminine,1,ヴァイマトラ,Vaimatra
2219,vodrā,vodrā,Feminine,1,ヴォドラ,Vodra
2220,śatākṣā,śatākṣā,Feminine,1,シャタクシャ,Shataksha
2221,śāliñcā,śāliñcā,Feminine,1,シャリンチャ,Shalincha
2222,śītaśivā,śītaśivā,Feminine,1,シタシバ,Shitashiva
2223,śailūṣikā,śailūṣikā,Feminine,1,シャイルシカ,Shailushika
2224,śvagaṇikā,śvagaṇikā,Feminine,1,犬の売春婦,Dog prostitute
2225,śvapacā,śvapacā,Feminine,1,犬の消化,Dog digestion
2226,ṣāṇḍaśā,ṣāṇḍaśā,Feminine,1,シャンダシャ,Shandasha
2227,saṃrambhatāmrā,saṃrambhatāmrā,Feminine,1,出発点,starting point
2228,sadyojātā,sadyojātā,Feminine,1,サディオジャタ,Sadyojata
2229,sarvarohitā,sarvarohitā,Feminine,1,サルバロヒタ,Sarvarohita
2230,sahasraparṇā,sahasraparṇā,Feminine,1,Sahasraparna,Sahasraparna
2231,sītārāmacandrā,sītārāmacandrā,Feminine,1,シタラムチャンドラ,Sitaramchandra
2232,sairiṃdhrā,sairiṃdhrā,Feminine,1,sairindhra,sairindhra
2233,adhyāropaṇam,adhyāropaṇa,Neuter,2,重ね合わせ,Superimposition
2234,adhyeṣaṇam,adhyeṣaṇa,Neuter,2,研究,Studies
2235,anuyātram,anuyātra,Neuter,2,支持者、従者、家来,followers
2236,anveṣaṇam,anveṣaṇa,Neuter,2,見る,explore
2237,ayaspātram,ayaspātra,Neuter,2,鉄器,Iron vessel
2238,arcanam,arcana,Neuter,2,アルカン,Archan
2239,arthamātram,arthamātra,Neuter,2,意味のみ,Meaning only
2240,arthāpattisamam,arthāpattisama,Neuter,2,解釈に等しい,Equal to interpretation
2241,avamānanam,avamānana,Neuter,2,軽蔑,contempt
2242,avahelam,avahela,Neuter,2,無視,Ignore
2243,avibhāvanam,avibhāvana,Neuter,2,アビバヴァン,Avibhavan
2244,ānupūrvam,ānupūrva,Neuter,2,アンティ,ante
2245,ālocanam,ālocana,Neuter,2,批判,Criticism
2246,āstaraṇam,āstaraṇa,Neuter,2,敷布,sheet
2247,uktam,ukta,Neuter,2,言った,said
2248,uttejanam,uttejana,Neuter,2,刺激,Stimulation
2249,udghoṣaṇam,udghoṣaṇa,Neuter,2,発表,Announcement
2250,upajighraṇam,upajighraṇa,Neuter,2,サブスメル,Subsmell
2251,upajīvakam,upajīvaka,Neuter,2,生存,subsistence
2252,upalālanam,upalālana,Neuter,2,栄養,sustenance
2253,upasthitam,upasthita,Neuter,2,現在,present
2254,upārjanam,upārjana,Neuter,2,収益,Earnings
2255,upāsanam,upāsana,Neuter,2,崇拝,worship
2256,upodakam,upodaka,Neuter,2,サブプロデューサー,subproducer
2257,eṣaṇam,eṣaṇa,Neuter,2,エシャン,Eshan
2258,kadarthanam,kadarthana,Neuter,2,カダーサン,Kadarthan
2259,kanyākubjam,kanyākubja,Neuter,2,カニャクビ,Kanyakubj
2260,kamalam,kamala,Neuter,2,蓮、スイレン、ハス,Lotus
2261,kalāpūram,kalāpūra,Neuter,2,カラプール,Kalapur
2262,kaśerukam,kaśeruka,Neuter,2,脊椎,vertebrae
2263,kādambaram,kādambara,Neuter,2,カダンバー,Kadambar
2264,kāmpilyam,kāmpilya,Neuter,2,カンピリヤ,Kampilya
2265,kuṭilam,kuṭila,Neuter,2,曲がった,Crooked
2266,gavyam,gavya,Neuter,2,ガヴィア,Gavya
2267,gāntram,gāntra,Neuter,2,手すり,balustrade
2268,gorakṣataṇḍulam,gorakṣataṇḍula,Neuter,2,Gorakshatandul,Gorakshatandul
2269,golam,gola,Neuter,2,丸いもの,Round
2270,ghaṭanam,ghaṭana,Neuter,2,発生,Occurrence
2271,candrakāntam,candrakānta,Neuter,2,チャンドラカンタ,Chandrakanta
2272,cāmaram,cāmara,Neuter,2,チャマール,Chamar
2273,cirbhiṭam,cirbhiṭa,Neuter,2,Chirbit,Chirbit
2274,cūḍālam,cūḍāla,Neuter,2,バングル,bangle
2275,codanam,codana,Neuter,2,クソ,Fucking
2276,trikhaṭvam,trikhaṭva,Neuter,2,トリプレット,triplet
2277,darduram,dardura,Neuter,2,痛い,painful
2278,dāmaliptam,dāmalipta,Neuter,2,夢中になっている,infatuated
2279,dvipañcamūlam,dvipañcamūla,Neuter,2,ダブルルート,double root
2280,dharṣaṇam,dharṣaṇa,Neuter,2,摩擦,friction
2281,nakham,nakha,Neuter,2,爪,fingernail
2282,pañcamūlam,pañcamūla,Neuter,2,Panchmool,Panchmool
2283,paradāropasevanam,paradāropasevana,Neuter,2,未成年者,underage
2284,pāṃsanam,pāṃsana,Neuter,2,パンサン,pansan
2285,pālaṅkyam,pālaṅkya,Neuter,2,パランキー,Palanky
2286,piñjūlam,piñjūla,Neuter,2,ピンジュール,pinjul
2287,prakalpanam,prakalpana,Neuter,2,推定,presumption
2288,pracchanam,pracchana,Neuter,2,変装,disguise
2289,pradharṣaṇam,pradharṣaṇa,Neuter,2,活力,Vigor
2290,prarūpaṇam,prarūpaṇa,Neuter,2,製図,drafting
2291,pravahaṇam,pravahaṇa,Neuter,2,運搬,conveyance
2292,prāsādāṅganam,prāsādāṅgana,Neuter,2,中庭,courtyard
2293,phaṇitam,phaṇita,Neuter,2,推測,inferred
2294,baliśam,baliśa,Neuter,2,バリッシュ,Balish
2295,yajyam,yajya,Neuter,2,ヤジャ,Yajya
2296,yamadevatam,yamadevata,Neuter,2,Yamdevat,Yamdevat
2297,yojanam,yojana,Neuter,2,予定,plan
2298,lomaruham,lomaruha,Neuter,2,妄想,delusional
2299,vañcanam,vañcana,Neuter,2,剥奪,deprivation
2300,viśam,viśa,Neuter,2,願い,Wish
2301,śukapakṣīyam,śukapakṣīya,Neuter,2,寓話的な,allegorical
2302,saṃvananam,saṃvanana,Neuter,2,対流,convection
2303,saṃvalanam,saṃvalana,Neuter,2,対流,convection
2304,satyāpanam,satyāpana,Neuter,2,検証,verification
2305,svarūpakam,svarūpaka,Neuter,2,整頓者,formatter
2306,atisundaras,atisundara,Masculine,2,非常に美しい,Very beautiful
2307,anutpattisamas,anutpattisama,Masculine,2,非起源に等しい,Equal to non-origin
2308,anupalabdhisamas,anupalabdhisama,Masculine,2,利用不可,unavailability
2309,anūrādhas,anūrādha,Masculine,2,アヌラダ,anuradha
2310,antaḥsthas,antaḥstha,Masculine,2,内部,Internal
2311,antyavarṇas,antyavarṇa,Masculine,2,終了文字,End characters
2312,anyapuṣṭas,anyapuṣṭa,Masculine,2,その他確認済み,Otherconfirmed
2313,anyabhṛtas,anyabhṛta,Masculine,2,他の従業員,Other employees
2314,apakarṣasamas,apakarṣasama,Masculine,2,控除に等しい,Equal to deduction
2315,abhujiṣyas,abhujiṣya,Masculine,2,Abhujishya,Abhujishya
2316,amitras,amitra,Masculine,2,不親切な,Amitra
2317,araras,arara,Masculine,2,到着,Arr
2318,alomakas,alomaka,Masculine,2,アロマック,Alomak
2319,ānandas,ānanda,Masculine,2,喜び,Joy
2320,ānidheyas,ānidheya,Masculine,2,間違いない,infallible
2321,ānudṛṣṭineyas,ānudṛṣṭineya,Masculine,2,洞察に満ちた,Insightful
2322,ānusṛtineyas,ānusṛtineya,Masculine,2,追跡、追求、追跡調査、事後点検,follow-up
2323,ānusṛṣṭineyas,ānusṛṣṭineya,Masculine,2,観察可能,observable
2324,āpastambas,āpastamba,Masculine,2,aapastamba,aapastamba
2325,ābādhas,ābādha,Masculine,2,アンバウンド,unbound
2326,ābhryas,ābhrya,Masculine,2,恐ろしい,fearful
2327,āmalakas,āmalaka,Masculine,2,アマラク,Amalak
2328,āmlas,āmla,Masculine,2,酸,Acid
2329,ārgalas,ārgala,Masculine,2,アーガル,Argall
2330,ārtabhāgas,ārtabhāga,Masculine,2,芯,core
2331,āvaṭyas,āvaṭya,Masculine,2,割当,allotment
2332,āśokeyas,āśokeya,Masculine,2,驚異的,astounding
2333,āśmarathas,āśmaratha,Masculine,2,アシュマラス,ashmarath
2334,āśvapālikas,āśvapālika,Masculine,2,騎手,Horseman
2335,ikṣubhakṣitas,ikṣubhakṣita,Masculine,2,砂糖黍を食べた人、砂糖黍を食べた生物,chewing sugar-cane
2336,iṅgudas,iṅguda,Masculine,2,インガッド,Ingud
2337,iṅgulas,iṅgula,Masculine,2,イングル,Ingul
2338,īkṣaṇikas,īkṣaṇika,Masculine,2,エコロジカル,Ecological
2339,īśvaras,īśvara,Masculine,2,神,God
2340,upadīkas,upadīka,Masculine,2,サブディック,Subdick
2341,upavākas,upavāka,Masculine,2,断食,fasting
2342,upahārakas,upahāraka,Masculine,2,贈与者,gifter
2343,urasas,urasa,Masculine,2,ウラス,Uras
2344,ullas,ulla,Masculine,2,ウル,Ull
2345,eṇas,eṇa,Masculine,2,n,n
2346,aikalavyas,aikalavya,Masculine,2,Eklavya,Eklavya
2347,aikāgārikas,aikāgārika,Masculine,2,一夫一婦の、一雌一雄の,monogamous
2348,aikṣvākas,aikṣvāka,Masculine,2,イクシュヴァク,Ikshvaku
2349,autkṣepas,autkṣepa,Masculine,2,出力,Output
2350,aupagavas,aupagava,Masculine,2,augav,augav
2351,auśanasas,auśanasa,Masculine,2,オーシャンズ,Oceanus
2352,kaṃdharas,kaṃdhara,Masculine,2,肩,Shoulder
2353,kakṣas,kakṣa,Masculine,2,部屋,room
2354,kaṅgukas,kaṅguka,Masculine,2,カングク,Kanguk
2355,kacchas,kaccha,Masculine,2,カッチ,Kutch
2356,kaṭapūtanas,kaṭapūtana,Masculine,2,カタプタン,Kataputan
2357,kaṭoras,kaṭora,Masculine,2,丼鉢,Bowl
2358,kaṭṭārakas,kaṭṭāraka,Masculine,2,頑固,stalwart
2359,kaṇṭhīlas,kaṇṭhīla,Masculine,2,カンシル,Kanthil
2360,kadalas,kadala,Masculine,2,カダル,Kadal
2361,kapāṭakas,kapāṭaka,Masculine,2,食器棚,cupboard
2362,kapicūḍas,kapicūḍa,Masculine,2,カピチュド,kapichud
2363,karañjakas,karañjaka,Masculine,2,カランジャク,Karanjak
2364,karaṇḍakas,karaṇḍaka,Masculine,2,カランダック,Karandak
2365,karatālas,karatāla,Masculine,2,Kartal,Kartal
2366,kalpapālas,kalpapāla,Masculine,2,カルパパル,Kalpapal
2367,kalyapālas,kalyapāla,Masculine,2,カリャパラ,Kalyapala
2368,kalyapālakas,kalyapālaka,Masculine,2,カリャパラカ,Kalyapalaka
2369,kavaras,kavara,Masculine,2,カバー,Cover
2370,kāṃsyakāras,kāṃsyakāra,Masculine,2,青銅,bronzer
2371,kākoḍumbaras,kākoḍumbara,Masculine,2,カコダンバー,Kakodumbar
2372,kāmalas,kāmala,Masculine,2,カマル,Kamal
2373,kārukas,kāruka,Masculine,2,カルク,Caruk
2374,kiśarikas,kiśarika,Masculine,2,10代,teenage
2375,kucikas,kucika,Masculine,2,クチク,Kuchik
2376,kuṭhāṭaṅkas,kuṭhāṭaṅka,Masculine,2,クタタンク,Kuthatank
2377,kulaghnas,kulaghna,Masculine,2,クルグナ,Kulghna
2378,kulanandanas,kulanandana,Masculine,2,クラナンダ,Kulananda
2379,kuvalas,kuvala,Masculine,2,クヴァル,Kuval
2380,kusīdas,kusīda,Masculine,2,kusid,kusid
2381,kusīdikas,kusīdika,Masculine,2,kusidik,kusidik
2382,kūṭas,kūṭa,Masculine,2,符号、記号、コード、暗号、信号,Code
2383,kṛpas,kṛpa,Masculine,2,お願いします,Please
2384,kecukas,kecuka,Masculine,2,ケチュク,Ketchuk
2385,kolāhalas,kolāhala,Masculine,2,雑音,The noise
2386,kaukilas,kaukila,Masculine,2,カウキル,Kaukil
2387,kaulaṭineyas,kaulaṭineya,Masculine,2,coltiney,coltiney
2388,kaulaṭeyas,kaulaṭeya,Masculine,2,コルティ,koltey
2389,kaulaṭeras,kaulaṭera,Masculine,2,コールター,Coulter
2390,kṣupakas,kṣupaka,Masculine,2,撹拌,stirring
2391,khurakhuras,khurakhura,Masculine,2,粗い,rough
2392,gañjas,gañja,Masculine,2,ガンジ,Ganj
2393,guggulukas,gugguluka,Masculine,2,ググルク,Gugguluk
2394,guṇḍras,guṇḍra,Masculine,2,ガンドラ,Gundra
2395,ghargharas,gharghara,Masculine,2,泣き叫ぶ,wheezing
2396,ciṅgaṭas,ciṅgaṭa,Masculine,2,鳴っている,ringing
2397,ciciṇḍas,ciciṇḍa,Masculine,2,cichlids,cichlids
2398,cutas,cuta,Masculine,2,シュート,Chut
2399,caikayatas,caikayata,Masculine,2,チェックアウト,checkout
2400,caidikas,caidika,Masculine,2,物理的,physical
2401,jālmas,jālma,Masculine,2,ジャルム,Jalm
2402,jhampas,jhampa,Masculine,2,ジャンプ,Jump
2403,ḍimbhakas,ḍimbhaka,Masculine,2,卵,Eggs
2404,tārṇas,tārṇa,Masculine,2,ターン,Tarn
2405,tintiḍas,tintiḍa,Masculine,2,着色,Tinted
2406,tairaṇas,tairaṇa,Masculine,2,水泳,Swimming
2407,traṅgas,traṅga,Masculine,2,トライアン,triang
2408,daiḍas,daiḍa,Masculine,2,死,dead
2409,daivakovidas,daivakovida,Masculine,2,オラクル,oracle
2410,dorakas,doraka,Masculine,2,ドラク,dorak
2411,drāṇas,drāṇa,Masculine,2,飲んだ,drank
2412,naṭṭas,naṭṭa,Masculine,2,ナット,nut
2413,nikumbhilas,nikumbhila,Masculine,2,Nikumbhil,Nikumbhil
2414,pacas,paca,Masculine,2,摘要，要約,digest
2415,pajras,pajra,Masculine,2,Pajr,Pajr
2416,paṭalas,paṭala,Masculine,2,捕獲,capture
2417,paruṣas,paruṣa,Masculine,2,気難しい,grumpy
2418,parpikas,parpika,Masculine,2,perpic,perpic
2419,palitas,palita,Masculine,2,パリット,Palit
2420,pāṭhanas,pāṭhana,Masculine,2,教える,Teaching
2421,pāpas,pāpa,Masculine,2,罪,Sin
2422,pālaṅkas,pālaṅka,Masculine,2,寝床、ふしど、休み場,The couch
2423,piṇḍakharjūras,piṇḍakharjūra,Masculine,2,パイナップル,Pineapple
2424,puttalakas,puttalaka,Masculine,2,瞳,pupil
2425,prakṣveḍanas,prakṣveḍana,Masculine,2,プラクシュヴェダン,Prakshvedan
2426,prakṣvedanas,prakṣvedana,Masculine,2,贈呈、授与、紹介、披露、発表、提示,presentation
2427,praṇavas,praṇava,Masculine,2,プラナフ,Pranav
2428,pravāhas,pravāha,Masculine,2,流れ,the flow
2429,pravāhaṇeyas,pravāhaṇeya,Masculine,2,流動性,flowable
2430,prājāpatyas,prājāpatya,Masculine,2,prijapatya,prijapaty
2431,bṛhannalas,bṛhannala,Masculine,2,ブリハナル,brihannal
2432,bhāgadhas,bhāgadha,Masculine,2,部,part
2433,matsaras,matsara,Masculine,2,嫉妬,Jealousy
2434,mahāsmṛtimayas,mahāsmṛtimaya,Masculine,2,素晴らしい思い出,Great memory
2435,mūrtimayas,mūrtimaya,Masculine,2,偶像化,idolized
2436,mūṣīkas,mūṣīka,Masculine,2,ねずみの,of the mouse
2437,yajñadattakas,yajñadattaka,Masculine,2,犠牲にされた,sacrificed
2438,yantrakas,yantraka,Masculine,2,機械的,Mechanical
2439,lohitakas,lohitaka,Masculine,2,鍛冶屋,blacksmith
2440,vacchas,vaccha,Masculine,2,時計,Watch
2441,vaśānugas,vaśānuga,Masculine,2,Vashanug,Vashanug
2442,vārtākas,vārtāka,Masculine,2,会話,The conversation
2443,vāśakas,vāśaka,Masculine,2,ワッシャー,Washer
2444,vivekadīpakas,vivekadīpaka,Masculine,2,Vivek Deepak,Vivek Deepak
2445,vaimātras,vaimātra,Masculine,2,空間,space
2446,vodras,vodra,Masculine,2,vodra,vodra
2447,śatākṣas,śatākṣa,Masculine,2,シャタクシャ,Shataksha
2448,śāliñcas,śāliñca,Masculine,2,シャリンチ,Shalinch
2449,śītaśivas,śītaśiva,Masculine,2,シタシフ,Shitashiv
2450,śailūṣikas,śailūṣika,Masculine,2,Shalyushik,Shalyushik
2451,śvagaṇikas,śvagaṇika,Masculine,2,音素論,phonemic
2452,śvapacas,śvapaca,Masculine,2,沼地,swamp
2453,ṣāṇḍaśas,ṣāṇḍaśa,Masculine,2,16番目,Sixteenth
2454,saṃrambhatāmras,saṃrambhatāmra,Masculine,2,起動,start-up
2455,sadyojātas,sadyojāta,Masculine,2,内因性,endogenous
2456,sarvarohitas,sarvarohita,Masculine,2,サーバーレス,serverless
2457,sahasraparṇas,sahasraparṇa,Masculine,2,当然の結果,corollary
2458,sītārāmacandras,sītārāmacandra,Masculine,2,シタラムチャンドラ,Sitaramchandra
2459,sairiṃdhras,sairiṃdhra,Masculine,2,サイリンドラ,Sairindhra
2460,akṛcchras,akṛcchra,Masculine,2,優柔不断,indecisive
2461,akṣakas,akṣaka,Masculine,2,Akshak,Akshak
2462,akṣatas,akṣata,Masculine,2,無傷,intact
2463,akhātas,akhāta,Masculine,2,akhat,akhat
2464,aṅkuśas,aṅkuśa,Masculine,2,縁石,curb
2465,aṅkūṣas,aṅkūṣa,Masculine,2,arkush,arkush
2466,aṅgurīyas,aṅgurīya,Masculine,2,アングリヤ,Anguriya
2467,aṅgurīyakas,aṅgurīyaka,Masculine,2,アングリヤク,Anguriyak
2468,ajakāvas,ajakāva,Masculine,2,ajkao,ajkao
2469,ajarakas,ajaraka,Masculine,2,Ajrak,Ajrak
2470,añjalikas,añjalika,Masculine,2,アンジャリック,anjalik
2471,adhīṣṭas,adhīṣṭa,Masculine,2,監督,superintendent
2472,anāmanas,anāmana,Masculine,2,匿名,Anonymous
2473,anīkas,anīka,Masculine,2,Aeek,Aeek
2474,anuṣaṇḍas,anuṣaṇḍa,Masculine,2,補助,ancillary
2475,anūkas,anūka,Masculine,2,auk,auk
2476,apacchedas,apaccheda,Masculine,2,解剖,dissection
2477,apatīrthas,apatīrtha,Masculine,2,巡礼者,pilgrim
2478,apaṣṭhas,apaṣṭha,Masculine,2,廃棄物,waste
2479,abhisatkṛtas,abhisatkṛta,Masculine,2,奉献された,consecrated
2480,abhriyas,abhriya,Masculine,2,アブリヤ,Abriya
2481,ambarīṣas,ambarīṣa,Masculine,2,待ち伏せ,ambarish
2482,amlas,amla,Masculine,2,酸,acid
2483,aruṣkaras,aruṣkara,Masculine,2,arushkar,arushkar
2484,arkas,arka,Masculine,2,エキス,Extract
2485,argalas,argala,Masculine,2,argal,argal
2486,arṇas,arṇa,Masculine,2,arn,arn
2487,arṇavas,arṇava,Masculine,2,Arnav,Arnav
2488,arthas,artha,Masculine,2,意味,Meaning
2489,ardhas,ardha,Masculine,2,半分,Half
2490,arbudas,arbuda,Masculine,2,腫瘍,Tumors
2491,armaṇas,armaṇa,Masculine,2,アーマン,Arman
2492,alakas,alaka,Masculine,2,スライバー,sliver
2493,avataṃsas,avataṃsa,Masculine,2,アバタン,Avatans
2494,avataṃsakas,avataṃsaka,Masculine,2,従順,submissive
2495,avalagnas,avalagna,Masculine,2,切り離し,Detached
2496,avityajas,avityaja,Masculine,2,切っても切れない,inseparable
2497,avyas,avya,Masculine,2,遅い,late
2498,avyaṅgas,avyaṅga,Masculine,2,無限大,Infinitive
2499,aśmasāras,aśmasāra,Masculine,2,ashmsar,ashmsar
2500,aṣṭāpadas,aṣṭāpada,Masculine,2,アシュタパダ,Ashtapada
2501,aṣṭhīlas,aṣṭhīla,Masculine,2,卑猥,obscene
2502,astamastakas,astamastaka,Masculine,2,ひれ伏す,bow down
2503,ahaviṣyas,ahaviṣya,Masculine,2,やむを得ない,unavoidable
2504,ākrīḍas,ākrīḍa,Masculine,2,エーカー,Acreed
2505,ācitas,ācita,Masculine,2,Aachit,Aachit
2506,āḍhakas,āḍhaka,Masculine,2,adhaak,adhaak
2507,ānandas,ānanda,Masculine,2,喜び,Joy
2508,āmas,āma,Masculine,2,一般,Common
2509,āvasathīyas,āvasathīya,Masculine,2,居住の,Residential
2510,āvasathyas,āvasathya,Masculine,2,宿泊施設,Accommodation
2511,āśramas,āśrama,Masculine,2,庵,Hermitage
2512,indīvaras,indīvara,Masculine,2,インディバー,Indivar
2513,uṭajas,uṭaja,Masculine,2,ウタージ,Utaj
2514,uḍupas,uḍupa,Masculine,2,Udup,Udup
2515,uḍūpas,uḍūpa,Masculine,2,udup,udup
2516,utkas,utka,Masculine,2,Utk,Utk
2517,udumbaras,udumbara,Masculine,2,Udumbar,Udumbar
2518,upasthas,upastha,Masculine,2,2階,Upstairs
2519,ulupas,ulupa,Masculine,2,ウルップ,Ulup
2520,uśīras,uśīra,Masculine,2,遅い,Late
2521,uṣṇas,uṣṇa,Masculine,2,暖かい,Warm
2522,uṣṇīṣas,uṣṇīṣa,Masculine,2,暖かい,warm
2523,ṛkṣas,ṛkṣa,Masculine,2,熊、クマ,Bear
2524,aindavas,aindava,Masculine,2,endv,endv
2525,airāvatas,airāvata,Masculine,2,airavat,airavat
2526,odanas,odana,Masculine,2,おかゆ,porridge
2527,auśīras,auśīra,Masculine,2,aushir,aushir
2528,kaṃsas,kaṃsa,Masculine,2,カンサ,Kansa
2529,kakudas,kakuda,Masculine,2,カッコウ,Cuckoo
2530,kaṅkālas,kaṅkāla,Masculine,2,骸骨,skeleton
2531,kacchuras,kacchura,Masculine,2,カチュール,Kachur
2532,kañcūlas,kañcūla,Masculine,2,カンチョル,Kanchul
2533,kaṭakas,kaṭaka,Masculine,2,海嶺,ridge
2534,kaṭīras,kaṭīra,Masculine,2,短剣,dagger
2535,kadaras,kadara,Masculine,2,感謝,appreciate
2536,kandas,kanda,Masculine,2,塊茎,tubers
2537,kapaṭas,kapaṭa,Masculine,2,フラム,Flam
2538,kapālas,kapāla,Masculine,2,頭蓋骨,cranium
2539,kabandhas,kabandha,Masculine,2,結び目,knot
2540,kamaṭhas,kamaṭha,Masculine,2,カマト,Kamath
2541,kamalas,kamala,Masculine,2,蓮、スイレン、ハス,Lotus
2542,kambalas,kambala,Masculine,2,毛布,Blanket
2543,karakas,karaka,Masculine,2,カラク,karak
2544,karapadmas,karapadma,Masculine,2,カルパドマ,karpadma
2545,kariras,karira,Masculine,2,karir,karir
2546,karīras,karīra,Masculine,2,カリル,Karir
2547,karīṣas,karīṣa,Masculine,2,カリッシュ,Karish
2548,karkaras,karkara,Masculine,2,癌,Cancer
2549,karṇagūthas,karṇagūtha,Masculine,2,鼓膜,eardrum
2550,karṇikas,karṇika,Masculine,2,カルニック,karnik
2551,karpūras,karpūra,Masculine,2,樟脳,camphor
2552,karṣas,karṣa,Masculine,2,カーシュ,karsh
2553,kaladhautas,kaladhauta,Masculine,2,カルドハウト,kaldhaut
2554,kalevaras,kalevara,Masculine,2,色,color
2555,kalmaṣas,kalmaṣa,Masculine,2,汚染,contamination
2556,kavacas,kavaca,Masculine,2,盾,shield
2557,kaviyas,kaviya,Masculine,2,詩人,poet
2558,kavīyas,kavīya,Masculine,2,詩人,poet
2559,kaśmalas,kaśmala,Masculine,2,カシュマル,kashmal
2560,kaśmaśas,kaśmaśa,Masculine,2,カシュマッシュ,kashmash
2561,kaṣāyas,kaṣāya,Masculine,2,渋味,astringency
2562,kākalas,kākala,Masculine,2,カカル,Kakal
2563,kākolas,kākola,Masculine,2,カコル,Kakol
2564,kākṣas,kākṣa,Masculine,2,部屋,room
2565,kāṭākṣas,kāṭākṣa,Masculine,2,皮肉,sarcasm
2566,kāṇḍas,kāṇḍa,Masculine,2,醜聞、スキャンダル、不祥事、疑獄、物議,scandal
2567,kādambaras,kādambara,Masculine,2,腰抜け,coward
2568,kāntāras,kāntāra,Masculine,2,カンタル,Kantar
2569,kārttikas,kārttika,Masculine,2,karthik,karthik
2570,kārpāsas,kārpāsa,Masculine,2,集成、集積、全集、死体,corpus
2571,kārṣāpaṇas,kārṣāpaṇa,Masculine,2,カルシャパン,Karshapan
2572,kārṣāpaṇakas,kārṣāpaṇaka,Masculine,2,カルシャパナク,karshapanak
2573,kālasūtras,kālasūtra,Masculine,2,カラストラ,Kalasutra
2574,kālānusāryas,kālānusārya,Masculine,2,年代順,chronological
2575,kāliṅgas,kāliṅga,Masculine,2,呼び出し,Calling
2576,kālīyakas,kālīyaka,Masculine,2,カリヤク,Kaliyak
2577,kāsas,kāsa,Masculine,2,キャス,Cass
2578,kiṃstughnas,kiṃstughna,Masculine,2,kinstughn,kinstughn
2579,kiñjalkas,kiñjalka,Masculine,2,キンジャーク,kinjalk
2580,kisalas,kisala,Masculine,2,キッセル,kissel
2581,kukūlas,kukūla,Masculine,2,カッコールド,Cuckold
2582,kuṭas,kuṭa,Masculine,2,クット,Kut
2583,kuṭīras,kuṭīra,Masculine,2,小家屋、いなか家,cottage
2584,kuṭumbas,kuṭumba,Masculine,2,家族,family
2585,kuṭṭimas,kuṭṭima,Masculine,2,木立,grove
2586,kuḍapas,kuḍapa,Masculine,2,クダップ,Kudap
2587,kuḍavas,kuḍava,Masculine,2,クダブ,Kudav
2588,kuḍmalas,kuḍmala,Masculine,2,抱きしめる,cuddle
2589,kuṇḍakas,kuṇḍaka,Masculine,2,クンダク,kundak
2590,kutapas,kutapa,Masculine,2,犬,dog
2591,kutupas,kutupa,Masculine,2,qutup,qutup
2592,kuddālas,kuddāla,Masculine,2,踏みすき、スペード,spade
2593,kuddālakas,kuddālaka,Masculine,2,抱きしめる,cuddler
2594,kupaṭas,kupaṭa,Masculine,2,詐欺,fraud
2595,kumbas,kumba,Masculine,2,アクエリアス,Aquarius
2596,kumbhakas,kumbhaka,Masculine,2,クンバク,Kumbhak
2597,kuruvindas,kuruvinda,Masculine,2,Kuruvind,Kuruvind
2598,kuliśas,kuliśa,Masculine,2,クリシュ,Kulish
2599,kulīśas,kulīśa,Masculine,2,クリシュ,Kulish
2600,kulphas,kulpha,Masculine,2,カルフ,Kulf
2601,kuśikas,kuśika,Masculine,2,クシク,kushik
2602,kuṣṭhas,kuṣṭha,Masculine,2,癲癇,leprosy
2603,kusumbakas,kusumbaka,Masculine,2,サフラワー,safflower
2604,kūṭas,kūṭa,Masculine,2,符号、記号、コード、暗号、信号,Code
2605,kūṭasthas,kūṭastha,Masculine,2,コード化,coded
2606,kūbaras,kūbara,Masculine,2,クーバー,coober
2607,kūrcas,kūrca,Masculine,2,十字架固定,Crucifixion
2608,kūlakas,kūlaka,Masculine,2,Coolak,Coolak
2609,kṛcchras,kṛcchra,Masculine,2,Kruchchra,Kruchchra
2610,kṛtaśaucas,kṛtaśauca,Masculine,2,ありがとうございました,thank you
2611,kṛmighnas,kṛmighna,Masculine,2,虫のような、虫のついた、虫の食った、虫けら同然の、卑しむべき,wormy
2612,kṛṣṭas,kṛṣṭa,Masculine,2,優れた,excellent
2613,kṛṣṇalakas,kṛṣṇalaka,Masculine,2,黒色,black color
2614,ketumālas,ketumāla,Masculine,2,ケツマル,Ketumal
2615,kesaras,kesara,Masculine,2,サフラン,saffron
2616,koṭaras,koṭara,Masculine,2,コトル,Kotor
2617,koṭīśas,koṭīśa,Masculine,2,コティッシュ,kotish
2618,kodaṇḍas,kodaṇḍa,Masculine,2,むち,whip
2619,korakas,koraka,Masculine,2,コラック,korak
2620,kolas,kola,Masculine,2,入り江,Cove
2621,kolāhalas,kolāhala,Masculine,2,騒ぎ,uproar
2622,kośakāras,kośakāra,Masculine,2,lexicographer,lexicographer
2623,koṣṭhas,koṣṭha,Masculine,2,細胞,cell
2624,koṣṭhakas,koṣṭhaka,Masculine,2,ブラケット,brackets
2625,kaustubhas,kaustubha,Masculine,2,カウスタブ,Kaustubh
2626,krakacas,krakaca,Masculine,2,割れ目,crack
2627,krūras,krūra,Masculine,2,残酷,Cruel
2628,kṣamudas,kṣamuda,Masculine,2,ごめん,sorry
2629,kṣārapattras,kṣārapattra,Masculine,2,アルカリの葉,alkali leaf
2630,kṣemas,kṣema,Masculine,2,許し,pardon
2631,kṣomas,kṣoma,Masculine,2,損失,loss
2632,kṣaumas,kṣauma,Masculine,2,クシャウム,Kshaum
2633,kṣmāvalayas,kṣmāvalaya,Masculine,2,parsnip,parsnip
2634,kṣveḍitas,kṣveḍita,Masculine,2,イライラしている,irritated
2635,khaṭvāṅgas,khaṭvāṅga,Masculine,2,カトワン,khatwang
2636,khaḍas,khaḍa,Masculine,2,部分、断片,section
2637,khaṇḍas,khaṇḍa,Masculine,2,かたまり、木塊、石塊,block
2638,khaṇḍavas,khaṇḍava,Masculine,2,カンダフ,Khandav
2639,kharvas,kharva,Masculine,2,料金,cost
2640,khalinas,khalina,Masculine,2,カリン,Khalin
2641,khāṇḍavas,khāṇḍava,Masculine,2,カンダフ,Khandav
2642,kheṭas,kheṭa,Masculine,2,農場,farm
2643,kheṭakas,kheṭaka,Masculine,2,khetak,khetak
2644,gañjas,gañja,Masculine,2,ガンジ,Ganj
2645,gaṇeśakhaṇḍas,gaṇeśakhaṇḍa,Masculine,2,ガネーシュカンド,Ganeshkhand
2646,gaṇḍas,gaṇḍa,Masculine,2,続ける,goon
2647,gaṇḍolas,gaṇḍola,Masculine,2,つりかご,gondola
2648,gavākṣas,gavākṣa,Masculine,2,窓,window
2649,gāṇḍivas,gāṇḍiva,Masculine,2,ガンディバ,Gandiva
2650,gārhapatyas,gārhapatya,Masculine,2,garhapatya,garhapatya
2651,giriśikharas,giriśikhara,Masculine,2,ギリシカラ,Girishikhara
2652,gudajas,gudaja,Masculine,2,グジ,Gudj
2653,gundras,gundra,Masculine,2,ガンドラ,gundra
2654,gośakaṭas,gośakaṭa,Masculine,2,牛舎,cowshed
2655,granthikas,granthika,Masculine,2,腺,glandular
2656,ghanarasas,ghanarasa,Masculine,2,ガンラス,Ghanras
2657,ghoṣas,ghoṣa,Masculine,2,ゴーシュ,Ghosh
2658,catuṣkoṇas,catuṣkoṇa,Masculine,2,四角形,quadrangle
2659,catuṣpathas,catuṣpatha,Masculine,2,四角形,quadrangle
2660,candanas,candana,Masculine,2,チャンダン,Chandan
2661,camaras,camara,Masculine,2,チャマール,Chamar
2662,caraṇas,caraṇa,Masculine,2,段階,phase
2663,caraṇapadmas,caraṇapadma,Masculine,2,チャランパドマ,charanpadma
2664,caṣakas,caṣaka,Masculine,2,盃、杯,cup
2665,caṣālas,caṣāla,Masculine,2,チャシャル,Chashal
2666,cāpas,cāpa,Masculine,2,アーク,arc
2667,cāmpeyas,cāmpeya,Masculine,2,シャンピー,Champey
2668,citraudanas,citraudana,Masculine,2,画像,imagery
2669,cibukas,cibuka,Masculine,2,チブク,Chibuk
2670,cīrṇaparṇas,cīrṇaparṇa,Masculine,2,羊皮紙,parchment
2671,cukras,cukra,Masculine,2,砂糖,circle
2672,culukas,culuka,Masculine,2,チュルク,chuluk
2673,celakas,celaka,Masculine,2,チェラック,chelak
2674,jakuṭas,jakuṭa,Masculine,2,ジャカット,jacut
2675,jambālas,jambāla,Masculine,2,ごちゃ混ぜ,Jumble
2676,jambūkhaṇḍas,jambūkhaṇḍa,Masculine,2,ジャンブカンド,jambukhand
2677,jalaukasas,jalaukasa,Masculine,2,水鳥,waterfowl
2678,jīvataṇḍulas,jīvataṇḍula,Masculine,2,生体組織,living tissue
2679,jharjharīkas,jharjharīka,Masculine,2,多孔質,porous
2680,ṭaṅkas,ṭaṅka,Masculine,2,タンク,tank
2681,ṭaṅgas,ṭaṅga,Masculine,2,トング,tang
2682,ḍimbas,ḍimba,Masculine,2,卵子,ovum
2683,taṅkas,taṅka,Masculine,2,論理,logic
2684,taṇḍakas,taṇḍaka,Masculine,2,タンダク,Tandak
2685,tantravāyas,tantravāya,Masculine,2,タントラウェイ,Tantraway
2686,tamālas,tamāla,Masculine,2,タマル,tamal
2687,tamālakas,tamālaka,Masculine,2,タマラク,tamalak
2688,taraṇḍas,taraṇḍa,Masculine,2,タランド,tarand
2689,tarukhaṇḍas,tarukhaṇḍa,Masculine,2,タルカンド,Tarukhand
2690,tarpaṇas,tarpaṇa,Masculine,2,ターパン,tarpan
2691,talas,tala,Masculine,2,床,floor
2692,tāṇḍavas,tāṇḍava,Masculine,2,乱交,orgy
2693,tāpyas,tāpya,Masculine,2,熱,heat
2694,tālas,tāla,Masculine,2,律動、律動的な動き、周期的変動、韻律,rythm
2695,turuṣkas,turuṣka,Masculine,2,トラス,truss
2696,tṛṇakūṭas,tṛṇakūṭa,Masculine,2,Trinkoot,Trinkoot
2697,tomaras,tomara,Masculine,2,トマール,tomar
2698,tolakas,tolaka,Masculine,2,Tolak,Tolak
2699,trivarṇakas,trivarṇaka,Masculine,2,トリコロール,tricolor
2700,trisugandhas,trisugandha,Masculine,2,トライデント,trident
2701,trisuparṇas,trisuparṇa,Masculine,2,トリスパルナ,trisuparna
2702,dantavastras,dantavastra,Masculine,2,総義歯,denture
2703,dantaśūlas,dantaśūla,Masculine,2,歯痛,Toothache
2704,dākṣipaladas,dākṣipalada,Masculine,2,ダクシパラダ,Dakshipalada
2705,dānakaustubhas,dānakaustubha,Masculine,2,dankaustubh,Dankaustubh
2706,dāvas,dāva,Masculine,2,ダオ,Dao
2707,dinas,dina,Masculine,2,日,Day
2708,dīpyakas,dīpyaka,Masculine,2,明かり、照明,lamp
2709,durghaṭaghātanas,durghaṭaghātana,Masculine,2,事件,Accident
2710,dehas,deha,Masculine,2,体,The body
2711,dainaṃdinadānakāṇḍas,dainaṃdinadānakāṇḍa,Masculine,2,毎日の寄付,Daily donations
2712,drumaṣaṇḍas,drumaṣaṇḍa,Masculine,2,ドラウコン,Draucon
2713,druvayas,druvaya,Masculine,2,液体,liquid
2714,droṇas,droṇa,Masculine,2,ドローナ,Drona
2715,dvīpas,dvīpa,Masculine,2,小島,island
2716,dhanvanas,dhanvana,Masculine,2,ダンヴァン,Dhanvan
2717,dharmāraṇyakhaṇḍas,dharmāraṇyakhaṇḍa,Masculine,2,ダルマニャカンド,Dharmanyakhand
2718,dhātukas,dhātuka,Masculine,2,金属性、金属,metallic
2719,dhūmāvatīpaṭalas,dhūmāvatīpaṭala,Masculine,2,緑内障,glaucoma
2720,nakulakas,nakulaka,Masculine,2,ナクラク,Nakulak
2721,nakhas,nakha,Masculine,2,爪,fingernail
2722,naparas,napara,Masculine,2,ナッパー,napper
2723,narakas,naraka,Masculine,2,地獄,Hell
2724,narāṅgas,narāṅga,Masculine,2,ナラン,Narang
2725,naladas,nalada,Masculine,2,蛇口、傍受，盗聴,tap
2726,navagrahakavacas,navagrahakavaca,Masculine,2,ナバグラハカヴァッハ,Navagraha Kavach
2727,nāṭas,nāṭa,Masculine,2,踊り、ダンス,dance
2728,nānārtharatnatilakas,nānārtharatnatilaka,Masculine,2,nanartratna tilak,nanartratna tilak
2729,nāyakas,nāyaka,Masculine,2,俳優,actor
2730,nārāyaṇakavacas,nārāyaṇakavaca,Masculine,2,ナラヤン・カヴァッハ,Narayan Kavach
2731,nālīkas,nālīka,Masculine,2,排水,Drainage
2732,nigadas,nigada,Masculine,2,現金,cash
2733,nicolakas,nicolaka,Masculine,2,搾り器、搾取者,squeezer
2734,nirṇayakaustubhas,nirṇayakaustubha,Masculine,2,決定カウスタブ,Decision Kaustubh
2735,niśāratnas,niśāratna,Masculine,2,ニシャラトナ,nisharatna
2736,niśitāṅkuśas,niśitāṅkuśa,Masculine,2,鋭いヤギ,sharp goad
2737,niṣkas,niṣka,Masculine,2,ニシュク,Nishk
2738,niṣkūṭas,niṣkūṭa,Masculine,2,無垢,innocent
2739,nīḍas,nīḍa,Masculine,2,必要,Need
2740,nītisāras,nītisāra,Masculine,2,倫理的,ethical
2741,nīrajas,nīraja,Masculine,2,ニーラジ,Neeraj
2742,nūpuras,nūpura,Masculine,2,アンクレット,Anklets
2743,nṛsiṃhaparas,nṛsiṃhapara,Masculine,2,ナルシンパー,Narsinghpar
2744,nyāyakuliśas,nyāyakuliśa,Masculine,2,判断,judge
2745,nyāyakaustubhas,nyāyakaustubha,Masculine,2,正義kaustubh,justice kaustubh
2746,nyāsakhaṇḍas,nyāsakhaṇḍa,Masculine,2,信頼,Trust
2747,nyāsatilakas,nyāsatilaka,Masculine,2,受託者,trustee
2748,paṅkas,paṅka,Masculine,2,粘土,clay
2749,pañcapaṭalas,pañcapaṭala,Masculine,2,五角形,pentagonal
2750,paṭaras,paṭara,Masculine,2,パター,putter
2751,paṭalas,paṭala,Masculine,2,捕獲,capture
2752,pattraviśeṣakas,pattraviśeṣaka,Masculine,2,碑文研究、碑文、碑銘,epigraphic
2753,padmas,padma,Masculine,2,パドマ,Padma
2754,padmakas,padmaka,Masculine,2,パドマック,padmak
2755,payogaḍas,payogaḍa,Masculine,2,payogd,payogd
2756,paramahaṃsakavacas,paramahaṃsakavaca,Masculine,2,paramhansakvach,paramhansakvach
2757,paramahaṃsapaṭalas,paramahaṃsapaṭala,Masculine,2,落下傘,parachute
2758,parārdhas,parārdha,Masculine,2,パラダ,paradha
2759,pariśiṣṭakadambas,pariśiṣṭakadamba,Masculine,2,付録,appendix
2760,palālas,palāla,Masculine,2,パラル,Palal
2761,pallavas,pallava,Masculine,2,パラヴァ,Pallava
2762,pāṃsuras,pāṃsura,Masculine,2,パンスール,Pansur
2763,pāṃsuvarṣas,pāṃsuvarṣa,Masculine,2,Pansuvarsh,Pansuvarsh
2764,pāñcarātramantras,pāñcarātramantra,Masculine,2,パンチャラトラマントラ,Pancharatra Mantra
2765,pātrīvas,pātrīva,Masculine,2,パトリエフ,Patriev
2766,pānakas,pānaka,Masculine,2,パナク,Panak
2767,picaṇḍas,picaṇḍa,Masculine,2,ピッチ,pitch
2768,piṇḍakas,piṇḍaka,Masculine,2,塊,lump
2769,piṇyākas,piṇyāka,Masculine,2,ピニャック,Pinyak
2770,pīyūṣas,pīyūṣa,Masculine,2,Piyush,Piyush
2771,puṅgas,puṅga,Masculine,2,パン,pung
2772,pucchas,puccha,Masculine,2,しっぽ,tail
2773,puṭas,puṭa,Masculine,2,置く,put
2774,puṇḍras,puṇḍra,Masculine,2,パンドラ,Pundra
2775,puruṣas,puruṣa,Masculine,2,男,Male
2776,puruṣakas,puruṣaka,Masculine,2,男,male
2777,puruṣottamakhaṇḍas,puruṣottamakhaṇḍa,Masculine,2,プルショットタムカンド,Purushottamkhand
2778,pulinas,pulina,Masculine,2,橋,bridge
2779,puṣkaras,puṣkara,Masculine,2,プシュカル,Pushkar
2780,pūrṇakumbhas,pūrṇakumbha,Masculine,2,満月,full moon
2781,pṛthukas,pṛthuka,Masculine,2,孤立,isolated
2782,pṛṣātakas,pṛṣātaka,Masculine,2,プラシャタク,prashatak
2783,potas,pota,Masculine,2,容器,vessel
2784,paurṇamāsas,paurṇamāsa,Masculine,2,満月,Full moon
2785,praugas,prauga,Masculine,2,prog,prog
2786,prakāṇḍas,prakāṇḍa,Masculine,2,挿話,episode
2787,praghāṇas,praghāṇa,Masculine,2,効果,effulgence
2788,pratalas,pratala,Masculine,2,平らな,flat
2789,pratiṣṭhākaustubhas,pratiṣṭhākaustubha,Masculine,2,Pratishkaustubh,Pratishkaustubh
2790,prabodhacandrodayāmalakas,prabodhacandrodayāmalaka,Masculine,2,Prabodhchandradayamlak,Prabodhchandradayamlak
2791,prabhāsas,prabhāsa,Masculine,2,発光、光輝,Radiance
2792,prabhāsakhaṇḍas,prabhāsakhaṇḍa,Masculine,2,分割,division
2793,pramāṇapallavas,pramāṇapallava,Masculine,2,プラマナパラフ,Pramanapallav
2794,prayogapustakas,prayogapustaka,Masculine,2,実験書,Experimental book
2795,pravarakāṇḍas,pravarakāṇḍa,Masculine,2,プラバーカンド,Pravarkand
2796,pravarakhaṇḍas,pravarakhaṇḍa,Masculine,2,ブロック,block
2797,pravālas,pravāla,Masculine,2,珊瑚、サンゴ,Coral
2798,prahastakas,prahastaka,Masculine,2,調教師、トレーナー,handler
2799,prāntas,prānta,Masculine,2,州,Province
2800,prāyaścittakadambas,prāyaścittakadamba,Masculine,2,贖罪カダンバ,Atonement Kadamba
2801,prāyaścittakāṇḍas,prāyaścittakāṇḍa,Masculine,2,贖罪のシーン,The Atonement Scene
2802,prāyaścittakhaṇḍas,prāyaścittakhaṇḍa,Masculine,2,贖罪セクション,Atonement section
2803,prāyaścittaparāśaras,prāyaścittaparāśara,Masculine,2,贖罪パラシャール,Atonement Parashar
2804,prothas,protha,Masculine,2,プロス,Proth
2805,plavas,plava,Masculine,2,浮く,Float
2806,baṭukabhairavakavacas,baṭukabhairavakavaca,Masculine,2,batukbhairavakavach,batukbhairavakavach
2807,bālākavacas,bālākavaca,Masculine,2,バラクアーマー,balak armor
2808,bindutantras,bindutantra,Masculine,2,点字、点数,Point system
2809,bimbas,bimba,Masculine,2,画像,Image
2810,budhamanoharas,budhamanohara,Masculine,2,Budhmanohar,Budhmanohar
2811,budhnas,budhna,Masculine,2,水曜日,Wednesday
2812,bṛhadāraṇyakavārttikasāras,bṛhadāraṇyakavārttikasāra,Masculine,2,コリック,colic
2813,bodhisattvapiṭakas,bodhisattvapiṭaka,Masculine,2,菩提ピタカ,Bodhisattva Pitaka
2814,bohitthas,bohittha,Masculine,2,ボヒタ,Bohitha
2815,brahmāstrakavacas,brahmāstrakavaca,Masculine,2,brahmastrakavach,brahmastrakavach
2816,bhaktavrātasaṃtoṣikas,bhaktavrātasaṃtoṣika,Masculine,2,敬虔な満足,devout satisfied
2817,bhaktipratipādakas,bhaktipratipādaka,Masculine,2,献身的な指数,devotional exponent
2818,bhagas,bhaga,Masculine,2,外陰,vulva
2819,bhambhas,bhambha,Masculine,2,ホーン,horn
2820,bhāṇḍakas,bhāṇḍaka,Masculine,2,充電,charge
2821,bhuvaneśvarīdaṇḍakas,bhuvaneśvarīdaṇḍaka,Masculine,2,ブヴァネシュワリダンダク,Bhuvaneshwari Dandak
2822,bhūkas,bhūka,Masculine,2,食欲,Appetite
2823,bhūbimbas,bhūbimba,Masculine,2,地球の画像,Earth imagery
2824,bhūmivardhanas,bhūmivardhana,Masculine,2,ブミバルダン,Bhumivardhan
2825,bhūlakṣaṇapaṭalas,bhūlakṣaṇapaṭala,Masculine,2,症状パネルを忘れる,Forget symptom panel
2826,bhṛṅgāras,bhṛṅgāra,Masculine,2,花瓶,vase
2827,bhramarakas,bhramaraka,Masculine,2,妄想,delusional
2828,bhrāmakas,bhrāmaka,Masculine,2,誤解を招く,Misleading
2829,makas,maka,Masculine,2,穀物、穀類、穀粒、小さな粒,corn
2830,maghavanmuktakuliśas,maghavanmuktakuliśa,Masculine,2,maghavanmuktkulish,maghavanmuktkulish
2831,maṅgas,maṅga,Masculine,2,マンゴー,mango
2832,mañcakas,mañcaka,Masculine,2,舞台,The stage
2833,mañjīras,mañjīra,Masculine,2,鎖,Chain
2834,maṇḍas,maṇḍa,Masculine,2,会館、公会堂,hall
2835,maṇḍapas,maṇḍapa,Masculine,2,大型テント,Pavilion
2836,maṇḍukas,maṇḍuka,Masculine,2,蛙、かえる,The frog
2837,mattavāraṇas,mattavāraṇa,Masculine,2,投票,voting
2838,madhyas,madhya,Masculine,2,真ん中,Middle
2839,madhyamasāhasas,madhyamasāhasa,Masculine,2,適度な勇気,Moderate courage
2840,manoramākhaṇḍas,manoramākhaṇḍa,Masculine,2,マノラムカンド,Manoramkhand
2841,mantrakhaṇḍas,mantrakhaṇḍa,Masculine,2,マントラカンド,Mantrakhand
2842,mayūrakas,mayūraka,Masculine,2,孔雀,Peacock
2843,mahākālakhaṇḍas,mahākālakhaṇḍa,Masculine,2,マハカルカンド,Mahakalkhand
2844,mahākālasaṃhitākūṭas,mahākālasaṃhitākūṭa,Masculine,2,マハカル・サムヒタ・クート,Mahakal Samhita Koot
2845,mahābhāratasāras,mahābhāratasāra,Masculine,2,mahabharatsar,mahabharatsar
2846,mahāmṛtyuṃjayas,mahāmṛtyuṃjaya,Masculine,2,mahamrityunjay,mahamrityunjay
2847,mahāśaṅkhas,mahāśaṅkha,Masculine,2,素晴らしいコンク,The great conch
2848,mahīprācīras,mahīprācīra,Masculine,2,城壁,rampart
2849,mādhyāhnikamantras,mādhyāhnikamantra,Masculine,2,正午のマントラ,Midday Mantra
2850,mālatītīrajas,mālatītīraja,Masculine,2,Maltirja,Maltirja
2851,mālatītīrasambhavas,mālatītīrasambhava,Masculine,2,マルティル可能,maltir possible
2852,mālāvādakhaṇḍas,mālāvādakhaṇḍa,Masculine,2,マラバドカンド,Malavad Khand
2853,māṣakas,māṣaka,Masculine,2,マシャク,Mashak
2854,mīmāṃsākaustubhas,mīmāṃsākaustubha,Masculine,2,mimamsakaustubh,mimamsakaustubh
2855,mukuṭas,mukuṭa,Masculine,2,王冠,The crown
2856,mudrāyantrālayas,mudrāyantrālaya,Masculine,2,通貨省,Ministry of the Currency
2857,musalas,musala,Masculine,2,ムラサキイガイ,mussel
2858,muhūrtalakṣaṇapaṭalas,muhūrtalakṣaṇapaṭala,Masculine,2,モーメント特性パネル,Moment Characteristics Panel
2859,mūtas,mūta,Masculine,2,尿,Urine
2860,mūlakas,mūlaka,Masculine,2,オリジナル,The original
2861,mūlakādisutas,mūlakādisuta,Masculine,2,moolkadisut,moolkadisut
2862,mūlamantrārthasāras,mūlamantrārthasāra,Masculine,2,本来の意図,original intention
2863,mṛtakas,mṛtaka,Masculine,2,故人,Deceased
2864,mṛdhas,mṛdha,Masculine,2,甘い,sweet
2865,mekhalas,mekhala,Masculine,2,帯、皮帯,Belt
2866,merukūṭas,merukūṭa,Masculine,2,Merukoot,Merukoot
2867,maireyakas,maireyaka,Masculine,2,マリヤク,maryak
2868,mokṣopāyasāras,mokṣopāyasāra,Masculine,2,救い,salvation
2869,moṭakas,moṭaka,Masculine,2,モトカ,motka
2870,yakṣiṇīkavacas,yakṣiṇīkavaca,Masculine,2,ヤクシニ・カヴァッハ,Yakshini Kavach
2871,yatirājadaṇḍakas,yatirājadaṇḍaka,Masculine,2,加害者,perpetrator
2872,yantrasāras,yantrasāra,Masculine,2,インストルメンタリスト,instrumentalist
2873,yūthas,yūtha,Masculine,2,群衆,crowd
2874,raṇaraṇakas,raṇaraṇaka,Masculine,2,戦略的,Strategic
2875,ravivāsaras,ravivāsara,Masculine,2,日曜日,Sunday
2876,rājadharmakāṇḍas,rājadharmakāṇḍa,Masculine,2,典礼,liturgy
2877,rājarājeśvarīdaṇḍakas,rājarājeśvarīdaṇḍaka,Masculine,2,ラジャラジェシュワリダンダク,Rajarajeshwari Dandak
2878,rātras,rātra,Masculine,2,夜,Night
2879,rādhas,rādha,Masculine,2,ラダ,Radha
2880,rāmaṭhas,rāmaṭha,Masculine,2,ラマト,Ramath
2881,rāmaparas,rāmapara,Masculine,2,ランパー,ramper
2882,rāmānujadaṇḍakas,rāmānujadaṇḍaka,Masculine,2,ramanujadandak,ramanujadandak
2883,rāṣṭras,rāṣṭra,Masculine,2,国家,Nation
2884,rāsakas,rāsaka,Masculine,2,ラサック,Rasak
2885,revākhaṇḍas,revākhaṇḍa,Masculine,2,rewakhand,rewakhand
2886,raudras,raudra,Masculine,2,ラウドラ,raudra
2887,lakṣaṇakāṇḍas,lakṣaṇakāṇḍa,Masculine,2,特徴,Characteristics
2888,lagnas,lagna,Masculine,2,東の地平線上,Ascendant
2889,laghuśaunakas,laghuśaunaka,Masculine,2,縮小模型,miniature
2890,lāṭas,lāṭa,Masculine,2,多く,Lot
2891,loṣṭas,loṣṭa,Masculine,2,失った,Lost
2892,loṣṭabhedanas,loṣṭabhedana,Masculine,2,流涙,lacrimation
2893,vaṅgas,vaṅga,Masculine,2,クラス,class
2894,vajras,vajra,Masculine,2,落雷,thunderbolt
2895,vajrakavacas,vajrakavaca,Masculine,2,落雷,thunderbolt
2896,vaṭakas,vaṭaka,Masculine,2,バタク,Vatak
2897,vatsas,vatsa,Masculine,2,ふくらはぎ,Calf
2898,vatsanābhas,vatsanābha,Masculine,2,Vatsanabha,Vatsanabha
2899,vadhras,vadhra,Masculine,2,虐殺,slaughter
2900,vapras,vapra,Masculine,2,Vapr,Vapr
2901,varālas,varāla,Masculine,2,ヴァラル,Varal
2902,varendras,varendra,Masculine,2,バレンドラ,varendra
2903,valakas,valaka,Masculine,2,羽,wing
2904,valagnas,valagna,Masculine,2,添付,Attached
2905,valayas,valaya,Masculine,2,指輪,Ring
2906,valkalas,valkala,Masculine,2,バルカル,Vulkal
2907,valmīkas,valmīka,Masculine,2,蟻,Ant
2908,vākyasāras,vākyasāra,Masculine,2,あらすじ,Synopsis
2909,vājapeyas,vājapeya,Masculine,2,Vajpayee,Vajpayee
2910,vājapeyarājasūyas,vājapeyarājasūya,Masculine,2,vajapeyarajasuy,vajapeyarajasuy
2911,vādakalpakas,vādakalpaka,Masculine,2,議論の余地がある,Debatable
2912,vāras,vāra,Masculine,2,暴行,assault
2913,vāruṇḍas,vāruṇḍa,Masculine,2,ワルンド,warund
2914,vārdalas,vārdala,Masculine,2,ウォードル,Wardle
2915,vārṣikas,vārṣika,Masculine,2,通年,annual
2916,vālas,vāla,Masculine,2,壁,Wall
2917,vālakas,vālaka,Masculine,2,歩く,Walk
2918,vāsavas,vāsava,Masculine,2,Vasava,Vasava
2919,viṭaṅkas,viṭaṅka,Masculine,2,刈り込み、手入れ、調髪,trim
2920,viṭapas,viṭapa,Masculine,2,枝、枝状のもの、支流、支社、支店,Branch
2921,viḍas,viḍa,Masculine,2,塩,salt
2922,vitānas,vitāna,Masculine,2,空,the sky
2923,vidhas,vidha,Masculine,2,方法,Method
2924,vidhānakhaṇḍas,vidhānakhaṇḍa,Masculine,2,議会,Legislature
2925,vinītakas,vinītaka,Masculine,2,Vinitak,Vinitak
2926,vipathas,vipatha,Masculine,2,偏差,Deviation
2927,vipruṣas,vipruṣa,Masculine,2,Vipraush,Vipraush
2928,vimalāśokas,vimalāśoka,Masculine,2,Vimalashok,Vimalashok
2929,virūḍhakas,virūḍhaka,Masculine,2,反対,The opposite
2930,vivāhadīkṣātilakas,vivāhadīkṣātilaka,Masculine,2,結婚開始ティラック,Marriage Initiation Tilak
2931,vivāhapaṭalas,vivāhapaṭala,Masculine,2,結婚式のテーブル,Wedding table
2932,viśākhayūpas,viśākhayūpa,Masculine,2,Visakhayup,Visakhayup
2933,viśeṣakas,viśeṣaka,Masculine,2,ダイアクリティカル,diacritical
2934,viṣṭaras,viṣṭara,Masculine,2,ビシュタル,Vishtar
2935,vihāyasas,vihāyasa,Masculine,2,ビア,vias
2936,veṣṭakas,veṣṭaka,Masculine,2,包む人、包むもの、包み紙,Wrapper
2937,vaikuṇṭhas,vaikuṇṭha,Masculine,2,ヴァイクンタ,Vaikuntha
2938,vaidyajīvanas,vaidyajīvana,Masculine,2,医療生活,medical life
2939,vyākaraṇakaustubhas,vyākaraṇakaustubha,Masculine,2,文法カウストゥバ,Grammar Kaustubha
2940,vyāghranakhas,vyāghranakha,Masculine,2,虎,tiger
2941,śakalas,śakala,Masculine,2,シャカル,Shakal
2942,śaṅkhas,śaṅkha,Masculine,2,コンク,Conch
2943,śaṅkhakas,śaṅkhaka,Masculine,2,貝、甲羅,shell
2944,śatayajñacāpas,śatayajñacāpa,Masculine,2,セント,cents
2945,śatāras,śatāra,Masculine,2,シャタール,Shatar
2946,śatrusaṃhananakavacas,śatrusaṃhananakavaca,Masculine,2,敵に強いシールド,Enemy-resistant shield
2947,śanaiścarakavacas,śanaiścarakavaca,Masculine,2,土星の盾,Saturn shield
2948,śalkas,śalka,Masculine,2,規模,scale
2949,śalyas,śalya,Masculine,2,手術,Surgery
2950,śavas,śava,Masculine,2,死体,Corpse
2951,śākas,śāka,Masculine,2,野菜,vegetables
2952,śākhas,śākha,Masculine,2,枝、枝状のもの、支流、支社、支店,Branch
2953,śāriphalakas,śāriphalaka,Masculine,2,シャリファルク,Shariphalk
2954,śālas,śāla,Masculine,2,ショール,Shawl
2955,śālagrāmas,śālagrāma,Masculine,2,シャルグラム,Shalgram
2956,śāliśūkas,śāliśūka,Masculine,2,shalishuk,shalishuk
2957,śālyodanas,śālyodana,Masculine,2,シャリョダン,Shalyodan
2958,śivālikhitas,śivālikhita,Masculine,2,シヴァ-書かれた,Shiva-written
2959,śubhavāsaras,śubhavāsara,Masculine,2,おはようございます,Good morning
2960,śulkas,śulka,Masculine,2,料金,Fees
2961,śūkas,śūka,Masculine,2,シュク,Shuk
2962,śūrpapuṭas,śūrpapuṭa,Masculine,2,shurpput,shurpput
2963,śūlas,śūla,Masculine,2,とげ,Thorn
2964,śṛṅgakas,śṛṅgaka,Masculine,2,角,Horns
2965,śṛṅgāṭas,śṛṅgāṭa,Masculine,2,シュリンガット,Shringat
2966,śṛṅgāṭakas,śṛṅgāṭaka,Masculine,2,シュリンガタカ,Shringataka
2967,śeṣas,śeṣa,Masculine,2,残り,The rest
2968,śailakūṭas,śailakūṭa,Masculine,2,shellkoot,shellkoot
2969,śaileyas,śaileya,Masculine,2,シャイレヤ,Shaileya
2970,śaivalas,śaivala,Masculine,2,藻類,Algae
2971,śrāddhavasiṣṭhas,śrāddhavasiṣṭha,Masculine,2,shraddhavasistha,shraddhavasistha
2972,śrāddhavāsaras,śrāddhavāsara,Masculine,2,火葬場,cremation grounds
2973,śrīmālakhaṇḍas,śrīmālakhaṇḍa,Masculine,2,シュリマルカンド,Shrimalkhand
2974,śvabhras,śvabhra,Masculine,2,幻覚,hallucinations
2975,śvetadvīpas,śvetadvīpa,Masculine,2,白島、ホワイト島,White Island
2976,ṣaḍgavas,ṣaḍgava,Masculine,2,六,six
2977,ṣaṇḍas,ṣaṇḍa,Masculine,2,シャンド,Shanda
2978,ṣaṇḍhas,ṣaṇḍha,Masculine,2,シャンダ,shandha
2979,saṃkramas,saṃkrama,Masculine,2,感染,Infection
2980,saṃkrāntipaṭalas,saṃkrāntipaṭala,Masculine,2,solstice,solstice
2981,saṃkrāmas,saṃkrāma,Masculine,2,感染,Infection
2982,saṃtānas,saṃtāna,Masculine,2,子供,Children
2983,saṃnipātapaṭas,saṃnipātapaṭa,Masculine,2,担保,collateral
2984,saṃsthāgāras,saṃsthāgāra,Masculine,2,研究所,Institutes
2985,saṃhitādaṇḍakas,saṃhitādaṇḍaka,Masculine,2,罰則,Code of punishment
2986,saṃhrādikaṇṭhas,saṃhrādikaṇṭha,Masculine,2,サムラディカンタ,Samhradikantha
2987,sajjanavallabhas,sajjanavallabha,Masculine,2,Sajjan Vallabh,Sajjan Vallabh
2988,sanīḍas,sanīḍa,Masculine,2,正気,Saneed
2989,samakarṇas,samakarṇa,Masculine,2,等辺,Equilateral
2990,samacaturaśras,samacaturaśra,Masculine,2,長方形,rectangular
2991,samarasāras,samarasāra,Masculine,2,概要,Summary
2992,samudras,samudra,Masculine,2,海,The sea
2993,sarīsṛpas,sarīsṛpa,Masculine,2,爬虫類,Reptiles
2994,sarvapṛṣṭhas,sarvapṛṣṭha,Masculine,2,すべてのページ,All pages
2995,sahṛdayas,sahṛdaya,Masculine,2,心から,Heartfelt
2996,sahyas,sahya,Masculine,2,許容できる,Tolerable
2997,sāmagapūrvāparas,sāmagapūrvāpara,Masculine,2,サマガプルバパー,Samagapurvapar
2998,sāmudras,sāmudra,Masculine,2,海,The sea
2999,sāras,sāra,Masculine,2,物質,substance
3000,sikthas,siktha,Masculine,2,シーク,Sikhs
3001,sikthakas,sikthaka,Masculine,2,Sithak,Sithak
3002,sitābhras,sitābhra,Masculine,2,白い雲,White clouds
3003,sīras,sīra,Masculine,2,予言者,Seer
3004,sīsakas,sīsaka,Masculine,2,鉛,Lead
3005,sugandhitejanas,sugandhitejana,Masculine,2,スガンディテジャン,Sugandhitejan
3006,sundarīkavacas,sundarīkavaca,Masculine,2,美しいカバー,beautiful cover
3007,supathas,supatha,Masculine,2,良い,well
3008,suracāpas,suracāpa,Masculine,2,サーチャップ,Surchap
3009,surāsavas,surāsava,Masculine,2,スラサフ,surasav
3010,sūkṣmadehas,sūkṣmadeha,Masculine,2,微小体、ミクロボディー,Microbody
3011,sūtakas,sūtaka,Masculine,2,スタク,sutak
3012,saudhaśikharas,saudhaśikhara,Masculine,2,Saudhshikhar,Saudhshikhar
3013,stavadaṇḍakas,stavadaṇḍaka,Masculine,2,収納,staves
3014,sthāsakas,sthāsaka,Masculine,2,インストーラ,installer
3015,sthūladehas,sthūladeha,Masculine,2,総体,Gross body
3016,smṛticaraṇas,smṛticaraṇa,Masculine,2,メモリーステージ,memory stage
3017,smṛtisarojasundaras,smṛtisarojasundara,Masculine,2,Smritisarojsundar,Smritisarojsundar
3018,srastaras,srastara,Masculine,2,地層,strata
3019,srotas,srota,Masculine,2,川、小川、急流,"river, stream, torrent"
3020,svarodayas,svarodaya,Masculine,2,スワロダヤ,swarodaya
3021,svastikas,svastika,Masculine,2,卍,Swastika
3022,haṃsakas,haṃsaka,Masculine,2,笑い,laughing
3023,hanumatpaṭalas,hanumatpaṭala,Masculine,2,ハヌマンパル,Hanumantpal
3024,harimanthajas,harimanthaja,Masculine,2,ハリマンサジ,harimanthaj
3025,harivaṃśas,harivaṃśa,Masculine,2,ハリバンシュ,Harivansh
3026,hariścandras,hariścandra,Masculine,2,ハリッシュチャンドラ,Harish Chandra
3027,halas,hala,Masculine,2,解決,Solution
3028,halāhalas,halāhala,Masculine,2,喧騒,hustle and bustle
3029,halīkṣṇas,halīkṣṇa,Masculine,2,軽度,mild
3030,haviṣyas,haviṣya,Masculine,2,将来,future
3031,hastidantas,hastidanta,Masculine,2,象牙,Ivory
3032,hastidantakas,hastidantaka,Masculine,2,象牙,Ivory
3033,hāyanas,hāyana,Masculine,2,こんにちは,hi
3034,hāridravas,hāridrava,Masculine,2,緑の液体,green liquid
3035,hālāsyakhaṇḍas,hālāsyakhaṇḍa,Masculine,2,alasykhand,alasykhand
3036,hiṅgulukas,hiṅguluka,Masculine,2,ヒングルク,hinguluk
3037,hiraṇmayas,hiraṇmaya,Masculine,2,金色の、黄金色の、山吹色の,golden
3038,hīras,hīra,Masculine,2,Heer,Heer
3039,hemādridānakhaṇḍasāras,hemādridānakhaṇḍasāra,Masculine,2,Hemadridankhandsar,Hemadridankhandsar
3040,horāśāstrasāras,horāśāstrasāra,Masculine,2,時計学、時計製作法、測時法,horology
3041,horāśāstrārṇavasāras,horāśāstrārṇavasāra,Masculine,2,Horashastranavasara,Horashastranavasara
3042,akṛcchram,akṛcchra,Neuter,2,単純な,Uncomplicated
3043,akṣakam,akṣaka,Neuter,2,軸,Axis
3044,akṣatam,akṣata,Neuter,2,無傷,intact
3045,akhātam,akhāta,Neuter,2,akhat,akhat
3046,aṅkuśam,aṅkuśa,Neuter,2,アンクッシュ,Ankush
3047,aṅkūṣam,aṅkūṣa,Neuter,2,アンクッシュ,Ankush
3048,aṅgurīyam,aṅgurīya,Neuter,2,角度,Angular
3049,aṅgurīyakam,aṅgurīyaka,Neuter,2,指,The fingers
3050,ajakāvam,ajakāva,Neuter,2,ajkao,ajkao
3051,ajarakam,ajaraka,Neuter,2,Ajrak,Ajrak
3052,añjalikam,añjalika,Neuter,2,アンジャリック,Anjalik
3053,adhīṣṭam,adhīṣṭa,Neuter,2,監督,Superintendent
3054,anāmanam,anāmana,Neuter,2,匿名,Anonymous
3055,anīkam,anīka,Neuter,2,Aeek,Aeek
3056,anuṣaṇḍam,anuṣaṇḍa,Neuter,2,補助,ancillary
3057,anūkam,anūka,Neuter,2,auk,auk
3058,apacchedam,apaccheda,Neuter,2,分離,Separation
3059,apatīrtham,apatīrtha,Neuter,2,巡礼者,pilgrim
3060,apaṣṭham,apaṣṭha,Neuter,2,付録,Appendix
3061,abhisatkṛtam,abhisatkṛta,Neuter,2,奉献された,consecrated
3062,abhriyam,abhriya,Neuter,2,アブリヤ,Abhriya
3063,ambarīṣam,ambarīṣa,Neuter,2,待ち伏せ,Ambarish
3064,amlam,amla,Neuter,2,酸っぱい,sour
3065,aruṣkaram,aruṣkara,Neuter,2,arushkar,arushkar
3066,arkam,arka,Neuter,2,抽出物,Extracts
3067,argalam,argala,Neuter,2,アーガル,Argall
3068,arṇam,arṇa,Neuter,2,アーン,Arn
3069,arṇavam,arṇava,Neuter,2,Arnav,Arnav
3070,artham,artha,Neuter,2,意味,meaning
3071,ardham,ardha,Neuter,2,半分,half
3072,arbudam,arbuda,Neuter,2,腫瘍,Tumors
3073,armaṇam,armaṇa,Neuter,2,アーマン,Arman
3074,alakam,alaka,Neuter,2,スライバー,sliver
3075,avataṃsam,avataṃsa,Neuter,2,アバタン,Avatans
3076,avataṃsakam,avataṃsaka,Neuter,2,従順,submissive
3077,avalagnam,avalagna,Neuter,2,切り離し,Detached
3078,avityajam,avityaja,Neuter,2,切っても切れない,inseparable
3079,avyam,avya,Neuter,2,遅い,late
3080,avyaṅgam,avyaṅga,Neuter,2,無限大,Infinitive
3081,aśmasāram,aśmasāra,Neuter,2,ashmsar,ashmsar
3082,aṣṭāpadam,aṣṭāpada,Neuter,2,アシュタパダ,Ashtapada
3083,aṣṭhīlam,aṣṭhīla,Neuter,2,卑猥,obscene
3084,astamastakam,astamastaka,Neuter,2,ひれ伏す,bow down
3085,ahaviṣyam,ahaviṣya,Neuter,2,やむを得ない,unavoidable
3086,ākrīḍam,ākrīḍa,Neuter,2,エーカー,Acreed
3087,ācitam,ācita,Neuter,2,Aachit,Aachit
3088,āḍhakam,āḍhaka,Neuter,2,adhaak,adhaak
3089,ānandam,ānanda,Neuter,2,喜び,Joy
3090,āmam,āma,Neuter,2,一般,Common
3091,āvasathīyam,āvasathīya,Neuter,2,居住の,Residential
3092,āvasathyam,āvasathya,Neuter,2,宿泊施設,Accommodation
3093,āśramam,āśrama,Neuter,2,庵,Hermitage
3094,indīvaram,indīvara,Neuter,2,インディバー,Indivar
3095,uṭajam,uṭaja,Neuter,2,ウタージ,Utaj
3096,uḍupam,uḍupa,Neuter,2,Udup,Udup
3097,uḍūpam,uḍūpa,Neuter,2,udup,udup
3098,utkam,utka,Neuter,2,Utk,Utk
3099,udumbaram,udumbara,Neuter,2,Udumbar,Udumbar
3100,upastham,upastha,Neuter,2,2階,Upstairs
3101,ulupam,ulupa,Neuter,2,ウルップ,Ulup
3102,uśīram,uśīra,Neuter,2,遅い,Late
3103,uṣṇam,uṣṇa,Neuter,2,暖かい,Warm
3104,uṣṇīṣam,uṣṇīṣa,Neuter,2,暖かい,warm
3105,ṛkṣam,ṛkṣa,Neuter,2,熊、クマ,Bear
3106,aindavam,aindava,Neuter,2,endv,endv
3107,airāvatam,airāvata,Neuter,2,airavat,airavat
3108,odanam,odana,Neuter,2,おかゆ,porridge
3109,auśīram,auśīra,Neuter,2,aushir,aushir
3110,kaṃsam,kaṃsa,Neuter,2,カンサ,Kansa
3111,kakudam,kakuda,Neuter,2,カクド,Kakud
3112,kaṅkālam,kaṅkāla,Neuter,2,骸骨,Skeleton
3113,kacchuram,kacchura,Neuter,2,カチュール,Kachur
3114,kañcūlam,kañcūla,Neuter,2,カンチョル,Kanchul
3115,kaṭakam,kaṭaka,Neuter,2,海嶺,ridge
3116,kaṭīram,kaṭīra,Neuter,2,カティル,Katir
3117,kadaram,kadara,Neuter,2,感謝,Appreciation
3118,kandam,kanda,Neuter,2,塊茎,tubers
3119,kapaṭam,kapaṭa,Neuter,2,詐欺,fraud
3120,kapālam,kapāla,Neuter,2,頭蓋骨,Skull
3121,kabandham,kabandha,Neuter,2,幹、樹幹,trunk
3122,kamaṭham,kamaṭha,Neuter,2,カマト,Kamath
3123,kamalam,kamala,Neuter,2,蓮、スイレン、ハス,Lotus
3124,kambalam,kambala,Neuter,2,毛布,blanket
3125,karakam,karaka,Neuter,2,カラク,Karak
3126,karapadmam,karapadma,Neuter,2,カラパドマ,Karapadma
3127,kariram,karira,Neuter,2,カリル,Karir
3128,karīram,karīra,Neuter,2,カレー,Curry
3129,karīṣam,karīṣa,Neuter,2,ごみ,rubbish
3130,karkaram,karkara,Neuter,2,癌,Cancer
3131,karṇagūtham,karṇagūtha,Neuter,2,耳朶,Earlobe
3132,karṇikam,karṇika,Neuter,2,カルニック,karnik
3133,karpūram,karpūra,Neuter,2,樟脳,Camphor
3134,karṣam,karṣa,Neuter,2,カーシュ,karsh
3135,kaladhautam,kaladhauta,Neuter,2,カルドハウト,Kaldhaut
3136,kalevaram,kalevara,Neuter,2,カレバー,Kalevar
3137,kalmaṣam,kalmaṣa,Neuter,2,カルマッシュ,Kalmash
3138,kavacam,kavaca,Neuter,2,盾,shield
3139,kaviyam,kaviya,Neuter,2,詩人,poet
3140,kavīyam,kavīya,Neuter,2,詩的,Poetic
3141,kaśmalam,kaśmala,Neuter,2,カシュマル,Kashmal
3142,kaśmaśam,kaśmaśa,Neuter,2,カシュマッシュ,Kashmash
3143,kaṣāyam,kaṣāya,Neuter,2,渋味,Alkali
3144,kākalam,kākala,Neuter,2,カカル,Kakal
3145,kākolam,kākola,Neuter,2,カコル,Kakol
3146,kākṣam,kākṣa,Neuter,2,カクシャ,Kaksha
3147,kāṭākṣam,kāṭākṣa,Neuter,2,皮肉,Sarcasm
3148,kāṇḍam,kāṇḍa,Neuter,2,醜聞、スキャンダル、不祥事、疑獄、物議,Scandal
3149,kādambaram,kādambara,Neuter,2,カダンバー,Kadambar
3150,kāntāram,kāntāra,Neuter,2,カンタル,Kantar
3151,kārttikam,kārttika,Neuter,2,karthik,karthik
3152,kārpāsam,kārpāsa,Neuter,2,綿、綿花、ワタ、綿糸、木綿糸、綿布、綿織物,Cotton
3153,kārṣāpaṇam,kārṣāpaṇa,Neuter,2,カルシャパン,Carshapan
3154,kārṣāpaṇakam,kārṣāpaṇaka,Neuter,2,カルシャパンカ,Carshapanka
3155,kālasūtram,kālasūtra,Neuter,2,年表,Chronology
3156,kālānusāryam,kālānusārya,Neuter,2,時間とともに,Over time
3157,kāliṅgam,kāliṅga,Neuter,2,西瓜,watermelon
3158,kālīyakam,kālīyaka,Neuter,2,カリヤク,Kaliyak
3159,kāsam,kāsa,Neuter,2,キャス,Cass
3160,kiṃstughnam,kiṃstughna,Neuter,2,kinstughn,kinstughn
3161,kiñjalkam,kiñjalka,Neuter,2,キンジャーク,kinjalk
3162,kisalam,kisala,Neuter,2,キッセル,kissel
3163,kukūlam,kukūla,Neuter,2,カッコールド,Cuckold
3164,kuṭam,kuṭa,Neuter,2,クット,Kut
3165,kuṭīram,kuṭīra,Neuter,2,小家屋、いなか家,Cottage
3166,kuṭumbam,kuṭumba,Neuter,2,家族,Family
3167,kuṭṭimam,kuṭṭima,Neuter,2,木立,grove
3168,kuḍapam,kuḍapa,Neuter,2,クダップ,Kudap
3169,kuḍavam,kuḍava,Neuter,2,クダブ,Kudav
3170,kuḍmalam,kuḍmala,Neuter,2,クドマル,Kudmal
3171,kuṇḍakam,kuṇḍaka,Neuter,2,クンダカ,Kundaka
3172,kutapam,kutapa,Neuter,2,犬,dog
3173,kutupam,kutupa,Neuter,2,qutup,qutup
3174,kuddālam,kuddāla,Neuter,2,クダル,Kuddal
3175,kuddālakam,kuddālaka,Neuter,2,クダラック,Kuddalak
3176,kupaṭam,kupaṭa,Neuter,2,クパット,Kupat
3177,kumbam,kumba,Neuter,2,アクエリアス,Aquarius
3178,kumbhakam,kumbhaka,Neuter,2,クンバク,Kumbhak
3179,kuruvindam,kuruvinda,Neuter,2,クルビンダ,Kuruvinda
3180,kuliśam,kuliśa,Neuter,2,クリシュ,Kulish
3181,kulīśam,kulīśa,Neuter,2,クリシュ,Kulish
3182,kulpham,kulpha,Neuter,2,カルフ,Kulf
3183,kuśikam,kuśika,Neuter,2,クシク,kushik
3184,kuṣṭham,kuṣṭha,Neuter,2,癲癇,leprosy
3185,kusumbakam,kusumbaka,Neuter,2,サフラワー,safflower
3186,kūṭam,kūṭa,Neuter,2,コード,Code
3187,kūṭastham,kūṭastha,Neuter,2,コード化,coded
3188,kūbaram,kūbara,Neuter,2,クーバー,Coober
3189,kūrcam,kūrca,Neuter,2,十字架固定,Crucifixion
3190,kūlakam,kūlaka,Neuter,2,クーラー,Cooler
3191,kṛcchram,kṛcchra,Neuter,2,面倒,troublesome
3192,kṛtaśaucam,kṛtaśauca,Neuter,2,クレンジング,cleansed
3193,kṛmighnam,kṛmighna,Neuter,2,虫のような、虫のついた、虫の食った、虫けら同然の、卑しむべき,wormy
3194,kṛṣṭam,kṛṣṭa,Neuter,2,クリシュナ,Krishna
3195,kṛṣṇalakam,kṛṣṇalaka,Neuter,2,クリシュナラック,Krishnalak
3196,ketumālam,ketumāla,Neuter,2,ケツマル,Ketumal
3197,kesaram,kesara,Neuter,2,サフラン,Saffron
3198,koṭaram,koṭara,Neuter,2,中空,hollow
3199,koṭīśam,koṭīśa,Neuter,2,コティッシュ,Kotish
3200,kodaṇḍam,kodaṇḍa,Neuter,2,コダンダ,Kodandha
3201,korakam,koraka,Neuter,2,コルク,Cork
3202,kolam,kola,Neuter,2,コール,Cole
3203,kolāhalam,kolāhala,Neuter,2,雑音,The noise
3204,kośakāram,kośakāra,Neuter,2,lexicographer,lexicographer
3205,koṣṭham,koṣṭha,Neuter,2,貝殻、甲羅,shell
3206,koṣṭhakam,koṣṭhaka,Neuter,2,ブラケット,brackets
3207,kaustubham,kaustubha,Neuter,2,カウストゥバ,Kaustubha
3208,krakacam,krakaca,Neuter,2,割れ目,crack
3209,krūram,krūra,Neuter,2,残酷,cruel
3210,kṣamudam,kṣamuda,Neuter,2,許し,Forgiveness
3211,kṣārapattram,kṣārapattra,Neuter,2,アルカリの葉,Alkali leaf
3212,kṣemam,kṣema,Neuter,2,許し,pardon
3213,kṣomam,kṣoma,Neuter,2,損失,loss
3214,kṣaumam,kṣauma,Neuter,2,絹、絹糸、生糸、絹布、絹織物、絹物、絹の服,Silk
3215,kṣmāvalayam,kṣmāvalaya,Neuter,2,アースリング,Earth ring
3216,kṣveḍitam,kṣveḍita,Neuter,2,きしむ,Squeaked
3217,khaṭvāṅgam,khaṭvāṅga,Neuter,2,カトワン,khatwang
3218,khaḍam,khaḍa,Neuter,2,カド,Khad
3219,khaṇḍam,khaṇḍa,Neuter,2,音量,Volume
3220,khaṇḍavam,khaṇḍava,Neuter,2,カンダフ,Khandav
3221,kharvam,kharva,Neuter,2,料金,cost
3222,khalinam,khalina,Neuter,2,カリン,Khalin
3223,khāṇḍavam,khāṇḍava,Neuter,2,カンダフ,Khandav
3224,kheṭam,kheṭa,Neuter,2,ケット,Khet
3225,kheṭakam,kheṭaka,Neuter,2,khetak,khetak
3226,gañjam,gañja,Neuter,2,ガンジ,Ganj
3227,gaṇeśakhaṇḍam,gaṇeśakhaṇḍa,Neuter,2,ガネーシュカンド,Ganesh Khand
3228,gaṇḍam,gaṇḍa,Neuter,2,頬,Cheeks
3229,gaṇḍolam,gaṇḍola,Neuter,2,ゴンドラ,gondola
3230,gavākṣam,gavākṣa,Neuter,2,窓,Window
3231,gāṇḍivam,gāṇḍiva,Neuter,2,ガンジーブ,Gandhiv
3232,gārhapatyam,gārhapatya,Neuter,2,garhapatya,garhapatya
3233,giriśikharam,giriśikhara,Neuter,2,ギリシカラ,Girishikhara
3234,gudajam,gudaja,Neuter,2,ガッジ,Gudge
3235,gundram,gundra,Neuter,2,ガンドラ,gundra
3236,gośakaṭam,gośakaṭa,Neuter,2,ゴシュカット,Goshkat
3237,granthikam,granthika,Neuter,2,腺,Glandular
3238,ghanarasam,ghanarasa,Neuter,2,濃厚なジュース,dense juice
3239,ghoṣam,ghoṣa,Neuter,2,ゴーシュ,Ghosh
3240,catuṣkoṇam,catuṣkoṇa,Neuter,2,四辺形,Quadrilateral
3241,catuṣpatham,catuṣpatha,Neuter,2,四角形,quadrangle
3242,candanam,candana,Neuter,2,白檀,sandalwood
3243,camaram,camara,Neuter,2,チャマール,Chamar
3244,caraṇam,caraṇa,Neuter,2,はしご,ladder
3245,caraṇapadmam,caraṇapadma,Neuter,2,チャランパドマ,charanpadma
3246,caṣakam,caṣaka,Neuter,2,硝子、ガラス,glass
3247,caṣālam,caṣāla,Neuter,2,チャシャル,Chashal
3248,cāpam,cāpa,Neuter,2,絞る,squeeze
3249,cāmpeyam,cāmpeya,Neuter,2,シャンパン,Champagne
3250,citraudanam,citraudana,Neuter,2,画像,imagery
3251,cibukam,cibuka,Neuter,2,チブク,Chibuk
3252,cīrṇaparṇam,cīrṇaparṇa,Neuter,2,ぼろぼろの葉,ragged leaves
3253,cukram,cukra,Neuter,2,砂糖,circle
3254,culukam,culuka,Neuter,2,チュルク,chuluk
3255,celakam,celaka,Neuter,2,チェラック,chelak
3256,jakuṭam,jakuṭa,Neuter,2,ジャクト,Jakut
3257,jambālam,jambāla,Neuter,2,ジャンバル,Jambal
3258,jambūkhaṇḍam,jambūkhaṇḍa,Neuter,2,ジャンブカンド,Jambukhand
3259,jalaukasam,jalaukasa,Neuter,2,ジャラウカス,Jalaukas
3260,jīvataṇḍulam,jīvataṇḍula,Neuter,2,生米,Live rice
3261,jharjharīkam,jharjharīka,Neuter,2,多孔質,porous
3262,ṭaṅkam,ṭaṅka,Neuter,2,現金,cash
3263,ṭaṅgam,ṭaṅga,Neuter,2,トング,tang
3264,ḍimbam,ḍimba,Neuter,2,卵,Eggs
3265,taṅkam,taṅka,Neuter,2,論理,logic
3266,taṇḍakam,taṇḍaka,Neuter,2,タンダク,Tandak
3267,tantravāyam,tantravāya,Neuter,2,タントラウェイ,Tantraway
3268,tamālam,tamāla,Neuter,2,タマル,tamal
3269,tamālakam,tamālaka,Neuter,2,タマラク,tamalak
3270,taraṇḍam,taraṇḍa,Neuter,2,波,Wave
3271,tarukhaṇḍam,tarukhaṇḍa,Neuter,2,タルカンド,Tarukhand
3272,tarpaṇam,tarpaṇa,Neuter,2,ターパン,tarpan
3273,talam,tala,Neuter,2,床,Floor
3274,tāṇḍavam,tāṇḍava,Neuter,2,乱交,orgy
3275,tāpyam,tāpya,Neuter,2,暖房,Heating
3276,tālam,tāla,Neuter,2,錠、錠前、輪止め,lock
3277,turuṣkam,turuṣka,Neuter,2,トラス,truss
3278,tṛṇakūṭam,tṛṇakūṭa,Neuter,2,Trinkoot,Trinkoot
3279,tomaram,tomara,Neuter,2,トマール,tomar
3280,tolakam,tolaka,Neuter,2,Tolak,Tolak
3281,trivarṇakam,trivarṇaka,Neuter,2,トリコロール,tricolor
3282,trisugandham,trisugandha,Neuter,2,トライデント,trident
3283,trisuparṇam,trisuparṇa,Neuter,2,トリスパルナ,trisuparna
3284,dantavastram,dantavastra,Neuter,2,歯磨き粉,Toothpaste
3285,dantaśūlam,dantaśūla,Neuter,2,歯痛,Toothache
3286,dākṣipaladam,dākṣipalada,Neuter,2,ダクシパラダ,Dakshipalada
3287,dānakaustubham,dānakaustubha,Neuter,2,dankaustubh,Dankaustubh
3288,dāvam,dāva,Neuter,2,ダオ,Dao
3289,dinam,dina,Neuter,2,日,Day
3290,dīpyakam,dīpyaka,Neuter,2,明かり、照明,lamp
3291,durghaṭaghātanam,durghaṭaghātana,Neuter,2,事件,Accident
3292,deham,deha,Neuter,2,体,The body
3293,dainaṃdinadānakāṇḍam,dainaṃdinadānakāṇḍa,Neuter,2,毎日の寄付,Daily donations
3294,drumaṣaṇḍam,drumaṣaṇḍa,Neuter,2,ドラウコン,Draucon
3295,druvayam,druvaya,Neuter,2,液体,liquid
3296,droṇam,droṇa,Neuter,2,ドローナ,Drona
3297,dvīpam,dvīpa,Neuter,2,小島,island
3298,dhanvanam,dhanvana,Neuter,2,ダンヴァン,Dhanvan
3299,dharmāraṇyakhaṇḍam,dharmāraṇyakhaṇḍa,Neuter,2,ダルマニャカンド,Dharmanyakhand
3300,dhātukam,dhātuka,Neuter,2,金属性、金属,metallic
3301,dhūmāvatīpaṭalam,dhūmāvatīpaṭala,Neuter,2,緑内障,glaucoma
3302,nakulakam,nakulaka,Neuter,2,ナクラク,Nakulak
3303,nakham,nakha,Neuter,2,爪,fingernail
3304,naparam,napara,Neuter,2,ナッパー,napper
3305,narakam,naraka,Neuter,2,地獄,Hell
3306,narāṅgam,narāṅga,Neuter,2,ナラン,Narang
3307,naladam,nalada,Neuter,2,蛇口、傍受，盗聴,tap
3308,navagrahakavacam,navagrahakavaca,Neuter,2,ナバグラハカヴァッハ,Navagraha Kavach
3309,nāṭam,nāṭa,Neuter,2,踊り、ダンス,dance
3310,nānārtharatnatilakam,nānārtharatnatilaka,Neuter,2,nanartratna tilak,nanartratna tilak
3311,nāyakam,nāyaka,Neuter,2,俳優,actor
3312,nārāyaṇakavacam,nārāyaṇakavaca,Neuter,2,ナラヤン・カヴァッハ,Narayan Kavach
3313,nālīkam,nālīka,Neuter,2,排水,Drainage
3314,nigadam,nigada,Neuter,2,現金,cash
3315,nicolakam,nicolaka,Neuter,2,搾り器、搾取者,squeezer
3316,nirṇayakaustubham,nirṇayakaustubha,Neuter,2,決定カウスタブ,Decision Kaustubh
3317,niśāratnam,niśāratna,Neuter,2,ニシャラトナ,nisharatna
3318,niśitāṅkuśam,niśitāṅkuśa,Neuter,2,鋭いヤギ,sharp goad
3319,niṣkam,niṣka,Neuter,2,ニシュク,Nishk
3320,niṣkūṭam,niṣkūṭa,Neuter,2,無垢,innocent
3321,nīḍam,nīḍa,Neuter,2,必要,Need
3322,nītisāram,nītisāra,Neuter,2,倫理的,ethical
3323,nīrajam,nīraja,Neuter,2,ニーラジ,Neeraj
3324,nūpuram,nūpura,Neuter,2,アンクレット,Anklets
3325,nṛsiṃhaparam,nṛsiṃhapara,Neuter,2,ナルシンパー,Narsinghpar
3326,nyāyakuliśam,nyāyakuliśa,Neuter,2,判断,judge
3327,nyāyakaustubham,nyāyakaustubha,Neuter,2,正義kaustubh,justice kaustubh
3328,nyāsakhaṇḍam,nyāsakhaṇḍa,Neuter,2,信頼,Trust
3329,nyāsatilakam,nyāsatilaka,Neuter,2,受託者,trustee
3330,paṅkam,paṅka,Neuter,2,粘土,clay
3331,pañcapaṭalam,pañcapaṭala,Neuter,2,五角形,pentagonal
3332,paṭaram,paṭara,Neuter,2,パター,putter
3333,paṭalam,paṭala,Neuter,2,捕獲,capture
3334,pattraviśeṣakam,pattraviśeṣaka,Neuter,2,碑文研究、碑文、碑銘,epigraphic
3335,padmam,padma,Neuter,2,パドマ,Padma
3336,padmakam,padmaka,Neuter,2,パドマック,padmak
3337,payogaḍam,payogaḍa,Neuter,2,payogd,payogd
3338,paramahaṃsakavacam,paramahaṃsakavaca,Neuter,2,paramhansakvach,paramhansakvach
3339,paramahaṃsapaṭalam,paramahaṃsapaṭala,Neuter,2,パラシュート,parachute
3340,parārdham,parārdha,Neuter,2,後半,The second half
3341,pariśiṣṭakadambam,pariśiṣṭakadamba,Neuter,2,付録カダンバ,Appendix Kadamba
3342,palālam,palāla,Neuter,2,パラル,Palal
3343,pallavam,pallava,Neuter,2,パラヴァ,Pallava
3344,pāṃsuram,pāṃsura,Neuter,2,パンスール,Pansur
3345,pāṃsuvarṣam,pāṃsuvarṣa,Neuter,2,Pansuvarsh,Pansuvarsh
3346,pāñcarātramantram,pāñcarātramantra,Neuter,2,パンチャラトラマントラ,Pancharatra Mantra
3347,pātrīvam,pātrīva,Neuter,2,パトリエフ,Patriev
3348,pānakam,pānaka,Neuter,2,パナク,Panak
3349,picaṇḍam,picaṇḍa,Neuter,2,ピッチ,pitch
3350,piṇḍakam,piṇḍaka,Neuter,2,塊,lump
3351,piṇyākam,piṇyāka,Neuter,2,飲む,to drink
3352,pīyūṣam,pīyūṣa,Neuter,2,Piyush,Piyush
3353,puṅgam,puṅga,Neuter,2,パン,pung
3354,puccham,puccha,Neuter,2,しっぽ,tail
3355,puṭam,puṭa,Neuter,2,折り畳み,fold
3356,puṇḍram,puṇḍra,Neuter,2,パンドラ,Pundra
3357,puruṣam,puruṣa,Neuter,2,男性,Men
3358,puruṣakam,puruṣaka,Neuter,2,男性の,of men
3359,puruṣottamakhaṇḍam,puruṣottamakhaṇḍa,Neuter,2,プルショットタムカンド,Purushottamkhand
3360,pulinam,pulina,Neuter,2,橋,bridge
3361,puṣkaram,puṣkara,Neuter,2,プシュカル,Pushkar
3362,pūrṇakumbham,pūrṇakumbha,Neuter,2,満月,full moon
3363,pṛthukam,pṛthuka,Neuter,2,孤立,isolated
3364,pṛṣātakam,pṛṣātaka,Neuter,2,プラシャタク,prashatak
3365,potam,pota,Neuter,2,容器,vessel
3366,paurṇamāsam,paurṇamāsa,Neuter,2,満月,Full moon
3367,praugam,prauga,Neuter,2,prog,prog
3368,prakāṇḍam,prakāṇḍa,Neuter,2,挿話,episode
3369,praghāṇam,praghāṇa,Neuter,2,効果,effulgence
3370,pratalam,pratala,Neuter,2,平らな,flat
3371,pratiṣṭhākaustubham,pratiṣṭhākaustubha,Neuter,2,Pratishkaustubh,Pratishkaustubh
3372,prabodhacandrodayāmalakam,prabodhacandrodayāmalaka,Neuter,2,Prabodhchandradayamlak,Prabodhchandradayamlak
3373,prabhāsam,prabhāsa,Neuter,2,発光、光輝,Radiance
3374,prabhāsakhaṇḍam,prabhāsakhaṇḍa,Neuter,2,分割,division
3375,pramāṇapallavam,pramāṇapallava,Neuter,2,プラマナパラフ,Pramanapallav
3376,prayogapustakam,prayogapustaka,Neuter,2,実験書,Experimental book
3377,pravarakāṇḍam,pravarakāṇḍa,Neuter,2,プラバーカンド,Pravarkand
3378,pravarakhaṇḍam,pravarakhaṇḍa,Neuter,2,ブロック,block
3379,pravālam,pravāla,Neuter,2,珊瑚、サンゴ,Coral
3380,prahastakam,prahastaka,Neuter,2,調教師、トレーナー,handler
3381,prāntam,prānta,Neuter,2,州,Province
3382,prāyaścittakadambam,prāyaścittakadamba,Neuter,2,贖罪カダンバ,Atonement Kadamba
3383,prāyaścittakāṇḍam,prāyaścittakāṇḍa,Neuter,2,贖罪のシーン,The Atonement Scene
3384,prāyaścittakhaṇḍam,prāyaścittakhaṇḍa,Neuter,2,贖罪セクション,Atonement section
3385,prāyaścittaparāśaram,prāyaścittaparāśara,Neuter,2,贖罪パラシャール,Atonement Parashar
3386,protham,protha,Neuter,2,プロス,Proth
3387,plavam,plava,Neuter,2,浮く,Float
3388,baṭukabhairavakavacam,baṭukabhairavakavaca,Neuter,2,batukbhairavakavach,batukbhairavakavach
3389,bālākavacam,bālākavaca,Neuter,2,バラクアーマー,balak armor
3390,bindutantram,bindutantra,Neuter,2,点字、点数,Point system
3391,bimbam,bimba,Neuter,2,画像,Image
3392,budhamanoharam,budhamanohara,Neuter,2,Budhmanohar,Budhmanohar
3393,budhnam,budhna,Neuter,2,水曜日,Wednesday
3394,bṛhadāraṇyakavārttikasāram,bṛhadāraṇyakavārttikasāra,Neuter,2,コリック,colic
3395,bodhisattvapiṭakam,bodhisattvapiṭaka,Neuter,2,菩提ピタカ,Bodhisattva Pitaka
3396,bohittham,bohittha,Neuter,2,ボヒタ,Bohitha
3397,brahmāstrakavacam,brahmāstrakavaca,Neuter,2,brahmastrakavach,brahmastrakavach
3398,bhaktavrātasaṃtoṣikam,bhaktavrātasaṃtoṣika,Neuter,2,敬虔な満足,devout satisfied
3399,bhaktipratipādakam,bhaktipratipādaka,Neuter,2,献身的な指数,devotional exponent
3400,bhagam,bhaga,Neuter,2,外陰,vulva
3401,bhambham,bhambha,Neuter,2,ホーン,horn
3402,bhāṇḍakam,bhāṇḍaka,Neuter,2,充電,charge
3403,bhuvaneśvarīdaṇḍakam,bhuvaneśvarīdaṇḍaka,Neuter,2,ブヴァネシュワリダンダク,Bhuvaneshwari Dandak
3404,bhūkam,bhūka,Neuter,2,食欲,Appetite
3405,bhūbimbam,bhūbimba,Neuter,2,地球の画像,Earth imagery
3406,bhūmivardhanam,bhūmivardhana,Neuter,2,ブミバルダン,Bhumivardhan
3407,bhūlakṣaṇapaṭalam,bhūlakṣaṇapaṭala,Neuter,2,症状パネルを忘れる,Forget symptom panel
3408,bhṛṅgāram,bhṛṅgāra,Neuter,2,花瓶,vase
3409,bhramarakam,bhramaraka,Neuter,2,妄想,delusional
3410,bhrāmakam,bhrāmaka,Neuter,2,誤解を招く,Misleading
3411,makam,maka,Neuter,2,穀物、穀類、穀粒、小さな粒,corn
3412,maghavanmuktakuliśam,maghavanmuktakuliśa,Neuter,2,maghavanmuktkulish,maghavanmuktkulish
3413,maṅgam,maṅga,Neuter,2,マンゴー,mango
3414,mañcakam,mañcaka,Neuter,2,舞台,The stage
3415,mañjīram,mañjīra,Neuter,2,鎖,Chain
3416,maṇḍam,maṇḍa,Neuter,2,会館、公会堂,hall
3417,maṇḍapam,maṇḍapa,Neuter,2,大型テント,Pavilion
3418,maṇḍukam,maṇḍuka,Neuter,2,蛙、かえる,The frog
3419,mattavāraṇam,mattavāraṇa,Neuter,2,投票,voting
3420,madhyam,madhya,Neuter,2,真ん中,Middle
3421,madhyamasāhasam,madhyamasāhasa,Neuter,2,適度な勇気,Moderate courage
3422,manoramākhaṇḍam,manoramākhaṇḍa,Neuter,2,マノラムカンド,Manoramkhand
3423,mantrakhaṇḍam,mantrakhaṇḍa,Neuter,2,マントラカンド,Mantrakhand
3424,mayūrakam,mayūraka,Neuter,2,孔雀,Peacock
3425,mahākālakhaṇḍam,mahākālakhaṇḍa,Neuter,2,マハカルカンド,Mahakalkhand
3426,mahākālasaṃhitākūṭam,mahākālasaṃhitākūṭa,Neuter,2,マハカル・サムヒタ・クート,Mahakal Samhita Koot
3427,mahābhāratasāram,mahābhāratasāra,Neuter,2,mahabharatsar,mahabharatsar
3428,mahāmṛtyuṃjayam,mahāmṛtyuṃjaya,Neuter,2,mahamrityunjay,mahamrityunjay
3429,mahāśaṅkham,mahāśaṅkha,Neuter,2,素晴らしいコンク,The great conch
3430,mahīprācīram,mahīprācīra,Neuter,2,城壁,rampart
3431,mādhyāhnikamantram,mādhyāhnikamantra,Neuter,2,正午のマントラ,Midday Mantra
3432,mālatītīrajam,mālatītīraja,Neuter,2,Maltirja,Maltirja
3433,mālatītīrasambhavam,mālatītīrasambhava,Neuter,2,マルティル可能,maltir possible
3434,mālāvādakhaṇḍam,mālāvādakhaṇḍa,Neuter,2,マラバドカンド,Malavad Khand
3435,māṣakam,māṣaka,Neuter,2,マシャク,Mashak
3436,mīmāṃsākaustubham,mīmāṃsākaustubha,Neuter,2,mimamsakaustubh,mimamsakaustubh
3437,mukuṭam,mukuṭa,Neuter,2,王冠,The crown
3438,mudrāyantrālayam,mudrāyantrālaya,Neuter,2,通貨省,Ministry of the Currency
3439,musalam,musala,Neuter,2,ムラサキイガイ,mussel
3440,muhūrtalakṣaṇapaṭalam,muhūrtalakṣaṇapaṭala,Neuter,2,モーメント特性パネル,Moment Characteristics Panel
3441,mūtam,mūta,Neuter,2,尿,Urine
3442,mūlakam,mūlaka,Neuter,2,オリジナル,The original
3443,mūlakādisutam,mūlakādisuta,Neuter,2,moolkadisut,moolkadisut
3444,mūlamantrārthasāram,mūlamantrārthasāra,Neuter,2,本来の意図,original intention
3445,mṛtakam,mṛtaka,Neuter,2,故人,Deceased
3446,mṛdham,mṛdha,Neuter,2,甘い,sweet
3447,mekhalam,mekhala,Neuter,2,帯、皮帯,Belt
3448,merukūṭam,merukūṭa,Neuter,2,Merukoot,Merukoot
3449,maireyakam,maireyaka,Neuter,2,マリヤク,maryak
3450,mokṣopāyasāram,mokṣopāyasāra,Neuter,2,救い,salvation
3451,moṭakam,moṭaka,Neuter,2,モトカ,motka
3452,yakṣiṇīkavacam,yakṣiṇīkavaca,Neuter,2,ヤクシニ・カヴァッハ,Yakshini Kavach
3453,yatirājadaṇḍakam,yatirājadaṇḍaka,Neuter,2,加害者,perpetrator
3454,yantrasāram,yantrasāra,Neuter,2,インストルメンタリスト,instrumentalist
3455,yūtham,yūtha,Neuter,2,群衆,crowd
3456,raṇaraṇakam,raṇaraṇaka,Neuter,2,戦略的,Strategic
3457,ravivāsaram,ravivāsara,Neuter,2,日曜日,Sunday
3458,rājadharmakāṇḍam,rājadharmakāṇḍa,Neuter,2,典礼,liturgy
3459,rājarājeśvarīdaṇḍakam,rājarājeśvarīdaṇḍaka,Neuter,2,ラジャラジェシュワリダンダク,Rajarajeshwari Dandak
3460,rātram,rātra,Neuter,2,夜,Night
3461,rādham,rādha,Neuter,2,ラダ,Radha
3462,rāmaṭham,rāmaṭha,Neuter,2,ラマト,Ramath
3463,rāmaparam,rāmapara,Neuter,2,ランパー,ramper
3464,rāmānujadaṇḍakam,rāmānujadaṇḍaka,Neuter,2,ramanujadandak,ramanujadandak
3465,rāṣṭram,rāṣṭra,Neuter,2,国家,Nation
3466,rāsakam,rāsaka,Neuter,2,ラサック,Rasak
3467,revākhaṇḍam,revākhaṇḍa,Neuter,2,rewakhand,rewakhand
3468,raudram,raudra,Neuter,2,ラウドラ,raudra
3469,lakṣaṇakāṇḍam,lakṣaṇakāṇḍa,Neuter,2,特徴,Characteristics
3470,lagnam,lagna,Neuter,2,東の地平線上,Ascendant
3471,laghuśaunakam,laghuśaunaka,Neuter,2,縮小模型,miniature
3472,lāṭam,lāṭa,Neuter,2,多く,Lot
3473,loṣṭam,loṣṭa,Neuter,2,失った,Lost
3474,loṣṭabhedanam,loṣṭabhedana,Neuter,2,流涙,lacrimation
3475,vaṅgam,vaṅga,Neuter,2,クラス,class
3476,vajram,vajra,Neuter,2,落雷,thunderbolt
3477,vajrakavacam,vajrakavaca,Neuter,2,落雷,thunderbolt
3478,vaṭakam,vaṭaka,Neuter,2,バタク,Vatak
3479,vatsam,vatsa,Neuter,2,ふくらはぎ,Calf
3480,vatsanābham,vatsanābha,Neuter,2,Vatsanabha,Vatsanabha
3481,vadhram,vadhra,Neuter,2,虐殺,slaughter
3482,vapram,vapra,Neuter,2,Vapr,Vapr
3483,varālam,varāla,Neuter,2,ヴァラル,Varal
3484,varendram,varendra,Neuter,2,バレンドラ,varendra
3485,valakam,valaka,Neuter,2,羽,wing
3486,valagnam,valagna,Neuter,2,添付,Attached
3487,valayam,valaya,Neuter,2,指輪,Ring
3488,valkalam,valkala,Neuter,2,バルカル,Vulkal
3489,valmīkam,valmīka,Neuter,2,蟻,Ant
3490,vākyasāram,vākyasāra,Neuter,2,あらすじ,Synopsis
3491,vājapeyam,vājapeya,Neuter,2,Vajpayee,Vajpayee
3492,vājapeyarājasūyam,vājapeyarājasūya,Neuter,2,vajapeyarajasuy,vajapeyarajasuy
3493,vādakalpakam,vādakalpaka,Neuter,2,議論の余地がある,Debatable
3494,vāram,vāra,Neuter,2,暴行,assault
3495,vāruṇḍam,vāruṇḍa,Neuter,2,ワルンド,warund
3496,vārdalam,vārdala,Neuter,2,ウォードル,Wardle
3497,vārṣikam,vārṣika,Neuter,2,通年,annual
3498,vālam,vāla,Neuter,2,壁,Wall
3499,vālakam,vālaka,Neuter,2,歩く,Walk
3500,vāsavam,vāsava,Neuter,2,Vasava,Vasava
3501,viṭaṅkam,viṭaṅka,Neuter,2,刈り込み、手入れ、調髪,trim
3502,viṭapam,viṭapa,Neuter,2,枝、枝状のもの、支流、支社、支店,Branch
3503,viḍam,viḍa,Neuter,2,塩,salt
3504,vitānam,vitāna,Neuter,2,空,the sky
3505,vidham,vidha,Neuter,2,方法,Method
3506,vidhānakhaṇḍam,vidhānakhaṇḍa,Neuter,2,議会,Legislature
3507,vinītakam,vinītaka,Neuter,2,Vinitak,Vinitak
3508,vipatham,vipatha,Neuter,2,偏差,Deviation
3509,vipruṣam,vipruṣa,Neuter,2,Vipraush,Vipraush
3510,vimalāśokam,vimalāśoka,Neuter,2,Vimalashok,Vimalashok
3511,virūḍhakam,virūḍhaka,Neuter,2,反対,The opposite
3512,vivāhadīkṣātilakam,vivāhadīkṣātilaka,Neuter,2,結婚開始ティラック,Marriage Initiation Tilak
3513,vivāhapaṭalam,vivāhapaṭala,Neuter,2,結婚式のテーブル,Wedding table
3514,viśākhayūpam,viśākhayūpa,Neuter,2,Visakhayup,Visakhayup
3515,viśeṣakam,viśeṣaka,Neuter,2,ダイアクリティカル,diacritical
3516,viṣṭaram,viṣṭara,Neuter,2,ビシュタル,Vishtar
3517,vihāyasam,vihāyasa,Neuter,2,ビア,vias
3518,veṣṭakam,veṣṭaka,Neuter,2,包む人、包むもの、包み紙,Wrapper
3519,vaikuṇṭham,vaikuṇṭha,Neuter,2,ヴァイクンタ,Vaikuntha
3520,vaidyajīvanam,vaidyajīvana,Neuter,2,医療生活,medical life
3521,vyākaraṇakaustubham,vyākaraṇakaustubha,Neuter,2,文法カウストゥバ,Grammar Kaustubha
3522,vyāghranakham,vyāghranakha,Neuter,2,虎,tiger
3523,śakalam,śakala,Neuter,2,シャカル,Shakal
3524,śaṅkham,śaṅkha,Neuter,2,コンク,Conch
3525,śaṅkhakam,śaṅkhaka,Neuter,2,貝、甲羅,shell
3526,śatayajñacāpam,śatayajñacāpa,Neuter,2,セント,cents
3527,śatāram,śatāra,Neuter,2,シャタール,Shatar
3528,śatrusaṃhananakavacam,śatrusaṃhananakavaca,Neuter,2,敵に強いシールド,Enemy-resistant shield
3529,śanaiścarakavacam,śanaiścarakavaca,Neuter,2,土星の盾,Saturn shield
3530,śalkam,śalka,Neuter,2,規模,scale
3531,śalyam,śalya,Neuter,2,手術,Surgery
3532,śavam,śava,Neuter,2,死体,Corpse
3533,śākam,śāka,Neuter,2,野菜,vegetables
3534,śākham,śākha,Neuter,2,枝、枝状のもの、支流、支社、支店,Branch
3535,śāriphalakam,śāriphalaka,Neuter,2,シャリファルク,Shariphalk
3536,śālam,śāla,Neuter,2,ショール,Shawl
3537,śālagrāmam,śālagrāma,Neuter,2,シャルグラム,Shalgram
3538,śāliśūkam,śāliśūka,Neuter,2,shalishuk,shalishuk
3539,śālyodanam,śālyodana,Neuter,2,シャリョダン,Shalyodan
3540,śivālikhitam,śivālikhita,Neuter,2,シヴァ-書かれた,Shiva-written
3541,śubhavāsaram,śubhavāsara,Neuter,2,おはようございます,Good morning
3542,śulkam,śulka,Neuter,2,料金,Fees
3543,śūkam,śūka,Neuter,2,シュク,Shuk
3544,śūrpapuṭam,śūrpapuṭa,Neuter,2,shurpput,shurpput
3545,śūlam,śūla,Neuter,2,とげ,Thorn
3546,śṛṅgakam,śṛṅgaka,Neuter,2,角,Horns
3547,śṛṅgāṭam,śṛṅgāṭa,Neuter,2,シュリンガット,Shringat
3548,śṛṅgāṭakam,śṛṅgāṭaka,Neuter,2,シュリンガタカ,Shringataka
3549,śeṣam,śeṣa,Neuter,2,残り,The rest
3550,śailakūṭam,śailakūṭa,Neuter,2,shellkoot,shellkoot
3551,śaileyam,śaileya,Neuter,2,シャイレヤ,Shaileya
3552,śaivalam,śaivala,Neuter,2,藻類,Algae
3553,śrāddhavasiṣṭham,śrāddhavasiṣṭha,Neuter,2,shraddhavasistha,shraddhavasistha
3554,śrāddhavāsaram,śrāddhavāsara,Neuter,2,火葬場,cremation grounds
3555,śrīmālakhaṇḍam,śrīmālakhaṇḍa,Neuter,2,シュリマルカンド,Shrimalkhand
3556,śvabhram,śvabhra,Neuter,2,幻覚,hallucinations
3557,śvetadvīpam,śvetadvīpa,Neuter,2,白島、ホワイト島,White Island
3558,ṣaḍgavam,ṣaḍgava,Neuter,2,六,six
3559,ṣaṇḍam,ṣaṇḍa,Neuter,2,シャンド,Shanda
3560,ṣaṇḍham,ṣaṇḍha,Neuter,2,シャンダ,shandha
3561,saṃkramam,saṃkrama,Neuter,2,感染,Infection
3562,saṃkrāntipaṭalam,saṃkrāntipaṭala,Neuter,2,solstice,solstice
3563,saṃkrāmam,saṃkrāma,Neuter,2,感染,Infection
3564,saṃtānam,saṃtāna,Neuter,2,子供,Children
3565,saṃnipātapaṭam,saṃnipātapaṭa,Neuter,2,担保,collateral
3566,saṃsthāgāram,saṃsthāgāra,Neuter,2,研究所,Institutes
3567,saṃhitādaṇḍakam,saṃhitādaṇḍaka,Neuter,2,罰則,Code of punishment
3568,saṃhrādikaṇṭham,saṃhrādikaṇṭha,Neuter,2,サムラディカンタ,Samhradikantha
3569,sajjanavallabham,sajjanavallabha,Neuter,2,Sajjan Vallabh,Sajjan Vallabh
3570,sanīḍam,sanīḍa,Neuter,2,正気,Saneed
3571,samakarṇam,samakarṇa,Neuter,2,等辺,Equilateral
3572,samacaturaśram,samacaturaśra,Neuter,2,長方形,rectangular
3573,samarasāram,samarasāra,Neuter,2,概要,Summary
3574,samudram,samudra,Neuter,2,海,The sea
3575,sarīsṛpam,sarīsṛpa,Neuter,2,爬虫類,Reptiles
3576,sarvapṛṣṭham,sarvapṛṣṭha,Neuter,2,すべてのページ,All pages
3577,sahṛdayam,sahṛdaya,Neuter,2,心から,Heartfelt
3578,sahyam,sahya,Neuter,2,許容できる,Tolerable
3579,sāmagapūrvāparam,sāmagapūrvāpara,Neuter,2,サマガプルバパー,Samagapurvapar
3580,sāmudram,sāmudra,Neuter,2,海,The sea
3581,sāram,sāra,Neuter,2,物質,substance
3582,siktham,siktha,Neuter,2,シーク,Sikhs
3583,sikthakam,sikthaka,Neuter,2,Sithak,Sithak
3584,sitābhram,sitābhra,Neuter,2,白い雲,White clouds
3585,sīram,sīra,Neuter,2,予言者,Seer
3586,sīsakam,sīsaka,Neuter,2,鉛,Lead
3587,sugandhitejanam,sugandhitejana,Neuter,2,スガンディテジャン,Sugandhitejan
3588,sundarīkavacam,sundarīkavaca,Neuter,2,美しいカバー,beautiful cover
3589,supatham,supatha,Neuter,2,良い,well
3590,suracāpam,suracāpa,Neuter,2,サーチャップ,Surchap
3591,surāsavam,surāsava,Neuter,2,スラサフ,surasav
3592,sūkṣmadeham,sūkṣmadeha,Neuter,2,微小体、ミクロボディー,Microbody
3593,sūtakam,sūtaka,Neuter,2,スタク,sutak
3594,saudhaśikharam,saudhaśikhara,Neuter,2,Saudhshikhar,Saudhshikhar
3595,stavadaṇḍakam,stavadaṇḍaka,Neuter,2,収納,stowage
3596,sthāsakam,sthāsaka,Neuter,2,インストーラ,installer
3597,sthūladeham,sthūladeha,Neuter,2,総体,Gross body
3598,smṛticaraṇam,smṛticaraṇa,Neuter,2,メモリーステージ,memory stage
3599,smṛtisarojasundaram,smṛtisarojasundara,Neuter,2,Smritisarojsundar,Smritisarojsundar
3600,srastaram,srastara,Neuter,2,地層,strata
3601,srotam,srota,Neuter,2,川、小川、急流,"river, stream, torrent"
3602,svarodayam,svarodaya,Neuter,2,スワロダヤ,swarodaya
3603,svastikam,svastika,Neuter,2,卍,Swastika
3604,haṃsakam,haṃsaka,Neuter,2,笑い,laughing
3605,hanumatpaṭalam,hanumatpaṭala,Neuter,2,ハヌマンパル,Hanumantpal
3606,harimanthajam,harimanthaja,Neuter,2,ハリマンサジ,harimanthaj
3607,harivaṃśam,harivaṃśa,Neuter,2,ハリバンシュ,Harivansh
3608,hariścandram,hariścandra,Neuter,2,ハリッシュチャンドラ,Harish Chandra
3609,halam,hala,Neuter,2,解決,Solution
3610,halāhalam,halāhala,Neuter,2,喧騒,hustle and bustle
3611,halīkṣṇam,halīkṣṇa,Neuter,2,軽度,mild
3612,haviṣyam,haviṣya,Neuter,2,将来,future
3613,hastidantam,hastidanta,Neuter,2,象牙,Ivory
3614,hastidantakam,hastidantaka,Neuter,2,象牙,Ivory
3615,hāyanam,hāyana,Neuter,2,こんにちは,hi
3616,hāridravam,hāridrava,Neuter,2,緑の液体,green liquid
3617,hālāsyakhaṇḍam,hālāsyakhaṇḍa,Neuter,2,alasykhand,alasykhand
3618,hiṅgulukam,hiṅguluka,Neuter,2,ヒングルク,hinguluk
3619,hiraṇmayam,hiraṇmaya,Neuter,2,金色の、黄金色の、山吹色の,golden
3620,hīram,hīra,Neuter,2,Heer,Heer
3621,hemādridānakhaṇḍasāram,hemādridānakhaṇḍasāra,Neuter,2,Hemadridankhandsar,Hemadridankhandsar
3622,horāśāstrasāram,horāśāstrasāra,Neuter,2,時計学、時計製作法、測時法,horology
3623,horāśāstrārṇavasāram,horāśāstrārṇavasāra,Neuter,2,Horashastranavasara,Horashastranavasara
3624,abhāvanam,abhāvana,Neuter,2,不在,absence
3625,agas,aga,Masculine,2,8月,Aug
3626,atiṣṭhas,atiṣṭha,Masculine,2,参加する,Attend
3627,abhidhas,abhidha,Masculine,2,アビダ,Abhidha
3628,ātas,āta,Masculine,2,中身,Inside
3629,kulapas,kulapa,Masculine,2,クルプ,Kulp
3630,aticchandas,aticchandas,Feminine,3con,解放された過去の世俗的な欲望,past worldly desires free from them
3631,aticchandas,aticchandas,Neuter,3con,解放された過去の世俗的な欲望,past worldly desires free from them
3632,devadryac,devadryac,Feminine,3con,神々の方を向くこと,turned towards the gods
3633,bhavat,bhavantī,Feminine,3con,貴方、貴殿、貴様、御前,gentileman
3634,viśvarādhas,viśvarādhas,Feminine,3con,すべての許可,all-granting
3635,devadryac,devadryac,Masculine,3con,神々の方を向いた者,turned towards the gods
3636,bhavat,bhavant,Masculine,3con,貴方、貴殿、貴様、御前,gentileman
3637,viśvarādhas,viśvarādhas,Masculine,3con,すべての許可,all-granting
3638,ūdhas,ūdhas,Masculine,3con,胸,"breast, bosom"
3639,vihāyas,vihāyas,Masculine,3con,空気、空、大気,"air, sky, atmosphere"
3640,ūdhas,ūdhas,Neuter,3con,胸,"breast, bosom"
3641,vihāyas,vihāyas,Neuter,3con,空気、空、大気,"air, sky, atmosphere"
3642,prativāṇis,prativāṇi,Feminine,3i,カウンターボイス,The counter-voice
3643,prativāṇi,prativāṇi,Neuter,3i,カウンターボイス,The counter-voice
3644,adhikatithis,adhikatithi,Feminine,3i,期限切れ,Overdate
3645,andhāhis,andhāhi,Feminine,3i,アンダヒ,Andhahi
3646,avis,avi,Feminine,3i,avi,avi
3647,āghāṭis,āghāṭi,Feminine,3i,アガティ,aghati
3648,āṇis,āṇi,Feminine,3i,と,And
3649,ānurāhatis,ānurāhati,Feminine,3i,陶酔感,euphoria
3650,ānurohatis,ānurohati,Feminine,3i,上昇します,It ascends
3651,ānuhāratis,ānuhārati,Feminine,3i,安楽死,euthanasia
3652,ānṛśaṃsis,ānṛśaṃsi,Feminine,3i,ひどいよ,You are cruel
3653,ārkalūṣāyaṇis,ārkalūṣāyaṇi,Feminine,3i,arclushayani,arclushayani
3654,ūrmis,ūrmi,Feminine,3i,ウルミ,Urmi
3655,oṇis,oṇi,Feminine,3i,オニ,oni
3656,aupoditis,aupoditi,Feminine,3i,修辞学、修辞法,rhetoric
3657,kaṅkellis,kaṅkelli,Feminine,3i,カンケリ,Kankelli
3658,kaphaṇis,kaphaṇi,Feminine,3i,白布、きょうかたびら、包むもの、おおい、幕、とばり、横静索,Shroud
3659,kaphoṇis,kaphoṇi,Feminine,3i,カフォニ,Kaphoni
3660,kāris,kāri,Feminine,3i,カリ,Kari
3661,kuśamuṣṭis,kuśamuṣṭi,Feminine,3i,キノコ,mushroom
3662,kūṭaśālmalis,kūṭaśālmali,Feminine,3i,クタシャルマリ,Kutashalmali
3663,kṛtis,kṛti,Feminine,3i,作品,The work
3664,kelis,keli,Feminine,3i,ケリー,Kelly
3665,kolis,koli,Feminine,3i,コリ,Coli
3666,kṣīrormis,kṣīrormi,Feminine,3i,乳白色の波,Milky waves
3667,janmatithis,janmatithi,Feminine,3i,生年月日,Date of Birth
3668,jīris,jīri,Feminine,3i,クミンの種,Cumin seeds
3669,tapuṣis,tapuṣi,Feminine,3i,タプシ,tapushi
3670,tithis,tithi,Feminine,3i,日にち,Date
3671,tuṭis,tuṭi,Feminine,3i,壊れた,broken
3672,daraṇis,daraṇi,Feminine,3i,ダニ,Dani
3673,darbhamuṣṭis,darbhamuṣṭi,Feminine,3i,幻覚,hallucinations
3674,dundubhis,dundubhi,Feminine,3i,不十分な、まずい、不完全な,lame
3675,devayonis,devayoni,Feminine,3i,Devyoni,Devyoni
3676,nirṇayataraṇis,nirṇayataraṇi,Feminine,3i,決定水泳,Decision swimming
3677,pāṭalis,pāṭali,Feminine,3i,パトリ,patli
3678,pūrṇamuṣṭis,pūrṇamuṣṭi,Feminine,3i,全ての鉄拳、全ての手、全ての把握、全ての指標,Full fist
3679,pauṇikis,pauṇiki,Feminine,3i,植物学,botany
3680,pravāhaṇeyis,pravāhaṇeyi,Feminine,3i,飛んだ,flown
3681,bodhis,bodhi,Feminine,3i,菩提,Bodhi
3682,bharaṇis,bharaṇi,Feminine,3i,充填,filling
3683,marīcis,marīci,Feminine,3i,胡椒、コショウ,Pepper
3684,marutsakhis,marutsakhi,Feminine,3i,marutskhi,marutskhi
3685,maṣis,maṣi,Feminine,3i,灰,ashes
3686,muṣṭis,muṣṭi,Feminine,3i,拳,Fist
3687,melāmaṇis,melāmaṇi,Feminine,3i,メラマニ,Melamani
3688,maulis,mauli,Feminine,3i,モリー,Molly
3689,yavamuṣṭis,yavamuṣṭi,Feminine,3i,大麦の拳,Barley fist
3690,yavasamuṣṭis,yavasamuṣṭi,Feminine,3i,思春期,puberty
3691,yonis,yoni,Feminine,3i,膣,Vagina
3692,ratnis,ratni,Feminine,3i,宝石,Gems
3693,vajramuṣṭis,vajramuṣṭi,Feminine,3i,落雷,thunderbolt
3694,valis,vali,Feminine,3i,ヴァリ,Vali
3695,vastis,vasti,Feminine,3i,Vasti,Vasti
3696,viśvayonis,viśvayoni,Feminine,3i,世界の膣,world vagina
3697,viṣṇutithis,viṣṇutithi,Feminine,3i,Vishnu Tithi,Vishnu Tithi
3698,vaipārṣṇis,vaipārṣṇi,Feminine,3i,ヴァイパルシュニ,Vaiparshni
3699,vyūhapārṣṇis,vyūhapārṣṇi,Feminine,3i,vyuhaparshni,vyuhaparshni
3700,śālmalis,śālmali,Feminine,3i,シャルマリ,Shalmali
3701,śiraḥśreṇis,śiraḥśreṇi,Feminine,3i,頭,cephalic
3702,śvasanormis,śvasanormi,Feminine,3i,呼吸波,respiratory waves
3703,saṃtanis,saṃtani,Feminine,3i,サンタニ,Santani
3704,sanābhis,sanābhi,Feminine,3i,サナビ,Sanabhi
3705,sanis,sani,Feminine,3i,サニー,Sunny
3706,saratnis,saratni,Feminine,3i,サラトニ,Saratni
3707,sāṃkucis,sāṃkuci,Feminine,3i,三口,Sankuchi
3708,sātyamugris,sātyamugri,Feminine,3i,サティヤムグリ,Satyamugri
3709,sṛṇis,sṛṇi,Feminine,3i,スリーニ,Srini
3710,svadhitis,svadhiti,Feminine,3i,swadhiti,swadhiti
3711,hṛṣis,hṛṣi,Feminine,3i,賢人，哲人,sage
3712,dīdivi,dīdivi,Neuter,3i,ディディビ,Didivi
3713,pūrvaśaivadīkṣāvidhi,pūrvaśaivadīkṣāvidhi,Neuter,3i,シャイバ前の開始方法,The pre-Shaiva initiation method
3714,pratyaṅgirāstotropāsanādi,pratyaṅgirāstotropāsanādi,Neuter,3i,Pratyangirastotropasanadi,Pratyangirastotropasanadi
3715,bhūtādi,bhūtādi,Neuter,3i,幽霊など,Ghosts and so on
3716,vedādi,vedādi,Neuter,3i,ヴェダディ,Vedadi
3717,śrāddhahemādri,śrāddhahemādri,Neuter,3i,シュラダ・ヘマドリ,Shraddha Hemadri
3718,ābhīri,ābhīri,Neuter,3i,アビリ,
3719,āviki,āviki,Neuter,3i,アビキ,
3720,adhikatithis,adhikatithi,Masculine,3i,期限切れ,Overdate
3721,andhāhis,andhāhi,Masculine,3i,アンダヒ,Andhahi
3722,abhiśris,abhiśri,Masculine,3i,アビスリ,Abhisri
3723,avis,avi,Masculine,3i,avi,avi
3724,āghāṭis,āghāṭi,Masculine,3i,アガティ,aghati
3725,āṇis,āṇi,Masculine,3i,と,And
3726,ānurāhatis,ānurāhati,Masculine,3i,陶酔感,euphoria
3727,ānurohatis,ānurohati,Masculine,3i,上昇します,It ascends
3728,ānuhāratis,ānuhārati,Masculine,3i,安楽死,euthanasia
3729,ānṛśaṃsis,ānṛśaṃsi,Masculine,3i,ひどいよ,You are cruel
3730,ārkalūṣāyaṇis,ārkalūṣāyaṇi,Masculine,3i,arclushayani,arclushayani
3731,ūrmis,ūrmi,Masculine,3i,ウルミ,Urmi
3732,oṇis,oṇi,Masculine,3i,オニ,oni
3733,aupoditis,aupoditi,Masculine,3i,修辞学、修辞法,rhetoric
3734,kaṅkellis,kaṅkelli,Masculine,3i,カンケリ,Kankelli
3735,kaphaṇis,kaphaṇi,Masculine,3i,白布、きょうかたびら、包むもの、おおい、幕、とばり、横静索,Shroud
3736,kaphoṇis,kaphoṇi,Masculine,3i,カフォニ,Kaphoni
3737,kāris,kāri,Masculine,3i,カリ,Kari
3738,kuśamuṣṭis,kuśamuṣṭi,Masculine,3i,キノコ,mushroom
3739,kūṭaśālmalis,kūṭaśālmali,Masculine,3i,クタシャルマリ,Kutashalmali
3740,kṛtis,kṛti,Masculine,3i,作品,The work
3741,kelis,keli,Masculine,3i,ケリー,Kelly
3742,kolis,koli,Masculine,3i,コリ,Coli
3743,kṣīrormis,kṣīrormi,Masculine,3i,乳白色の波,Milky waves
3744,janmatithis,janmatithi,Masculine,3i,生年月日,Date of Birth
3745,jīris,jīri,Masculine,3i,クミンの種,Cumin seeds
3746,tapuṣis,tapuṣi,Masculine,3i,タプシ,tapushi
3747,tithis,tithi,Masculine,3i,日にち,Date
3748,tuṭis,tuṭi,Masculine,3i,壊れた,broken
3749,daraṇis,daraṇi,Masculine,3i,ダニ,Dani
3750,darbhamuṣṭis,darbhamuṣṭi,Masculine,3i,幻覚,hallucinations
3751,dundubhis,dundubhi,Masculine,3i,不十分な、まずい、不完全な,lame
3752,devayonis,devayoni,Masculine,3i,Devyoni,Devyoni
3753,nirṇayataraṇis,nirṇayataraṇi,Masculine,3i,決定水泳,Decision swimming
3754,pāṭalis,pāṭali,Masculine,3i,パトリ,patli
3755,pūrṇamuṣṭis,pūrṇamuṣṭi,Masculine,3i,全ての鉄拳、全ての手、全ての把握、全ての指標,Full fist
3756,pauṇikis,pauṇiki,Masculine,3i,植物学,botany
3757,pravāhaṇeyis,pravāhaṇeyi,Masculine,3i,飛んだ,flown
3758,bodhis,bodhi,Masculine,3i,菩提,Bodhi
3759,bharaṇis,bharaṇi,Masculine,3i,充填,filling
3760,marīcis,marīci,Masculine,3i,胡椒、コショウ,Pepper
3761,marutsakhis,marutsakhi,Masculine,3i,marutskhi,marutskhi
3762,maṣis,maṣi,Masculine,3i,灰,ashes
3763,muṣṭis,muṣṭi,Masculine,3i,拳,Fist
3764,melāmaṇis,melāmaṇi,Masculine,3i,メラマニ,Melamani
3765,maulis,mauli,Masculine,3i,モリー,Molly
3766,yavamuṣṭis,yavamuṣṭi,Masculine,3i,大麦の拳,Barley fist
3767,yavasamuṣṭis,yavasamuṣṭi,Masculine,3i,思春期,puberty
3768,yonis,yoni,Masculine,3i,膣,Vagina
3769,ratnis,ratni,Masculine,3i,宝石,Gems
3770,vajramuṣṭis,vajramuṣṭi,Masculine,3i,落雷,thunderbolt
3771,valis,vali,Masculine,3i,ヴァリ,Vali
3772,vastis,vasti,Masculine,3i,Vasti,Vasti
3773,viśvayonis,viśvayoni,Masculine,3i,世界の膣,world vagina
3774,viṣṇutithis,viṣṇutithi,Masculine,3i,Vishnu Tithi,Vishnu Tithi
3775,vaipārṣṇis,vaipārṣṇi,Masculine,3i,ヴァイパルシュニ,Vaiparshni
3776,vyūhapārṣṇis,vyūhapārṣṇi,Masculine,3i,vyuhaparshni,vyuhaparshni
3777,śālmalis,śālmali,Masculine,3i,シャルマリ,Shalmali
3778,śiraḥśreṇis,śiraḥśreṇi,Masculine,3i,頭,cephalic
3779,śvasanormis,śvasanormi,Masculine,3i,呼吸波,respiratory waves
3780,saṃtanis,saṃtani,Masculine,3i,サンタニ,Santani
3781,sanābhis,sanābhi,Masculine,3i,サナビ,Sanabhi
3782,sanis,sani,Masculine,3i,サニー,Sunny
3783,saratnis,saratni,Masculine,3i,サラトニ,Saratni
3784,sāṃkucis,sāṃkuci,Masculine,3i,三口,Sankuchi
3785,sātyamugris,sātyamugri,Masculine,3i,サティヤムグリ,Satyamugri
3786,sutis,suti,Masculine,3i,息子を希望する人、または息子のように扱う人,"one who wishes for a son, treats any one like a son"
3787,sṛṇis,sṛṇi,Masculine,3i,スリーニ,Srini
3788,svadhitis,svadhiti,Masculine,3i,swadhiti,swadhiti
3789,hṛṣis,hṛṣi,Masculine,3i,賢人，哲人,sage
3790,dīdivis,dīdivi,Masculine,3i,ディディビ,Didivi
3791,pūrvaśaivadīkṣāvidhis,pūrvaśaivadīkṣāvidhi,Masculine,3i,シャイバ前の開始方法,The pre-Shaiva initiation method
3792,pratyaṅgirāstotropāsanādis,pratyaṅgirāstotropāsanādi,Masculine,3i,Pratyangirastotropasanadi,Pratyangirastotropasanadi
3793,bhūtādis,bhūtādi,Masculine,3i,幽霊など,Ghosts and so on
3794,vedādis,vedādi,Masculine,3i,ヴェダディ,Vedadi
3795,śrāddhahemādris,śrāddhahemādri,Masculine,3i,シュラダ・ヘマドリ,Shraddha Hemadri
3796,ābhīrī,ābhīrī,Feminine,3ilong,アビリ,Abhiri
3797,āvikī,āvikī,Feminine,3ilong,アビキ,Aviki
3798,abhiśrī,abhiśrī,Feminine,3ilong,混ざり合う,mingle
3799,naptrī,naptrī,Feminine,3ilong,孫,nepot
3800,sutī,sutī,Feminine,3ilong,息子を希望する人、または息子のように扱う人,"one who wishes for a son, treats any one like a son"
3801,antyāvasāyī,antyāvasāyin,Feminine,3n,起業家,entrepreneurial
3802,kapālī,kapālin,Feminine,3n,頭蓋,cranial
3803,prativeśavāsī,prativeśavāsin,Feminine,3n,居住者,resident
3804,prativeśī,prativeśin,Feminine,3n,登録,Enrollment
3805,vārttākī,vārttākin,Feminine,3n,会話,conversation
3806,samarasīmā,samarasīman,Feminine,3n,サマルシーマン,Samarseeman
3807,antyāvasāyī,antyāvasāyin,Masculine,3n,起業家,entrepreneurial
3808,kapālī,kapālin,Masculine,3n,頭蓋,cranial
3809,prativeśavāsī,prativeśavāsin,Masculine,3n,居住者,resident
3810,prativeśī,prativeśin,Masculine,3n,登録,Enrollment
3811,vārttākī,vārttākin,Masculine,3n,会話,conversation
3812,samarasīmā,samarasīman,Masculine,3n,サマルシーマン,Samarseeman
3813,atharvā,atharvan,Masculine,3n,Atharvan,Atharvan
3814,premā,preman,Masculine,3n,愛,love
3815,bahalavartmā,bahalavartman,Masculine,3n,bahlvartman,bahlvartman
3816,atharvā,atharvan,Neuter,3n,Atharvan,Atharvan
3817,premā,preman,Neuter,3n,愛,love
3818,bahalavartmā,bahalavartman,Neuter,3n,bahlvartman,bahlvartman
3819,naptā,napt,Masculine,3r,孫,nepot
3820,jā,jā,Feminine,3s,√jāの不定詞,to command(infinitive)
3821,pā,pā,Feminine,3s,√pāの不定詞,to protect(infinitive)
3822,hā,hā,Feminine,3s,√hāの不定詞,to leave(infinitive)
3823,pas,pā,Masculine,3s,守護者、傍観者、監視者,"Guardians, bystanders, observers"
3824,has,hā,Masculine,3s,去る人、去る生物,"People leaving, creatures leaving"
3825,drus,dru,Masculine,3s,Dru,Dru
3826,dru,dru,Neuter,3s,Dru,Dru
3827,bhās,bhās,Feminine,3s,√bhāsの不定詞,to shine(infinitive)
3828,viś,viś,Feminine,3s,√viśの不定詞,to enter(infinitive)
3829,bhās,bhās,Neuter,3s,輝く物、出現物,"Shining things, appearances"
3830,viś,viś,Neuter,3s,入っていくもの、建物,"Things to enter, buildings"
3831,anūvṛj,anūvṛj,Feminine,3s,,
3832,druh,druh,Feminine,3s,√druhの不定詞,to hurt(infinitive)
3833,dviṣ,dviṣ,Feminine,3s,√dviṣの不定詞,to hate(infinitive)
3834,putrakṛt,putrakṛt,Feminine,3s,養子制度,
3835,mūṣ,mūṣ,Feminine,3s,√mūṣの不定詞,to steal(infinitive)
3836,virāj,virāj,Feminine,3s,,
3837,śatabhiṣaj,śatabhiṣaj,Feminine,3s,,
3838,anūvṛj,anūvṛj,Masculine,3s,,
3839,jas,jas,Masculine,3s,命令者,Commander
3840,druh,druh,Masculine,3s,怪我人、負傷者,"Injured, injured"
3841,dviṣ,dviṣ,Masculine,3s,憎む人、憎む対象,"People who hate, objects to hate"
3842,putrakṛt,putrakṛt,Masculine,3s,養子,Adopted child
3843,mūṣ,mūṣ,Masculine,3s,窃盗犯、盗難犯,"Thieves, thieves"
3844,virāj,virāj,Masculine,3s,,
3845,viś,viś,Masculine,3s,入っていく人、入っていく生物,"Entering people, entering creatures"
3846,śatabhiṣaj,śatabhiṣaj,Masculine,3s,,
3847,sarvabhūtakṛt,sarvabhūtakṛt,Masculine,3s,遍在,omnipresent
3848,sarvabhūtakṛt,sarvabhūtakṛt,Neuter,3s,遍在,omnipresent
3849,uḍu,uḍu,Feminine,4u,ウドゥ,Udu
3850,kaśeru,kaśeru,Feminine,4u,脊椎,Vertebrae
3851,śliku,śliku,Feminine,4u,シュリク,Shliku
3852,snāyu,snāyu,Feminine,4u,筋肉,Muscles
3853,uḍu,uḍu,Neuter,4u,ウドゥ,Udu
3854,kaśeru,kaśeru,Neuter,4u,脊椎,Vertebrae
3855,śliku,śliku,Neuter,4u,シュリク,Shliku
3856,snāyu,snāyu,Neuter,4u,筋肉,Muscles
3857,aṇureṇus,aṇureṇu,Feminine,4u,分子,Molecules
3858,avaṭus,avaṭu,Feminine,4u,avatu,avatu
3859,irvārus,irvāru,Feminine,4u,イルバル,Irvaru
3860,irvālus,irvālu,Feminine,4u,価値がない,Irvalu
3861,iṣus,iṣu,Feminine,4u,矢印で,in the arrows
3862,urvārus,urvāru,Feminine,4u,ウルヴァル,Urvaru
3863,edhatus,edhatu,Feminine,4u,Edhatu,Edhatu
3864,ervārus,ervāru,Feminine,4u,エルヴァル,Ervaru
3865,otus,otu,Feminine,4u,オツ,Otu
3866,kandus,kandu,Feminine,4u,カンドゥ,Kandu
3867,karkandhus,karkandhu,Feminine,4u,癌,Cancer
3868,kārus,kāru,Feminine,4u,カル,Karu
3869,kundurus,kunduru,Feminine,4u,クンドゥル,Kunduru
3870,gaṇḍus,gaṇḍu,Feminine,4u,グンドゥ,gundu
3871,jambus,jambu,Feminine,4u,ジャンブ,Jambu
3872,druhus,druhu,Feminine,4u,ドルフ,Druhu
3873,prajanus,prajanu,Feminine,4u,プラジュヌ,prajnu
3874,priyaṅgus,priyaṅgu,Feminine,4u,親愛なる,dear
3875,bāhus,bāhu,Feminine,4u,腕,arm
3876,laghukarkandhus,laghukarkandhu,Feminine,4u,小さながん,Small Cancer
3877,lokadhātus,lokadhātu,Feminine,4u,Lokdhatu,Lokdhatu
3878,vaiparītyalajjālus,vaiparītyalajjālu,Feminine,4u,反対は恥ずかしがり屋です,The opposite is shy
3879,śṛdhus,śṛdhu,Feminine,4u,シュルドゥ,Shrudhu
3880,sahasrabāhus,sahasrabāhu,Feminine,4u,サハスラバフ,Sahasrabahu
3881,svādus,svādu,Feminine,4u,おいしい,Delicious
3882,aṇureṇus,aṇureṇu,Masculine,4u,分子,Molecules
3883,avaṭus,avaṭu,Masculine,4u,avatu,avatu
3884,irvārus,irvāru,Masculine,4u,イルバル,Irvaru
3885,irvālus,irvālu,Masculine,4u,価値がない,Irvalu
3886,iṣus,iṣu,Masculine,4u,矢印で,in the arrows
3887,urvārus,urvāru,Masculine,4u,ウルヴァル,Urvaru
3888,edhatus,edhatu,Masculine,4u,Edhatu,Edhatu
3889,ervārus,ervāru,Masculine,4u,エルヴァル,Ervaru
3890,otus,otu,Masculine,4u,オツ,Otu
3891,kandus,kandu,Masculine,4u,カンドゥ,Kandu
3892,karkandhus,karkandhu,Masculine,4u,癌,Cancer
3893,kārus,kāru,Masculine,4u,カル,Karu
3894,kundurus,kunduru,Masculine,4u,クンドゥル,Kunduru
3895,gaṇḍus,gaṇḍu,Masculine,4u,グンドゥ,gundu
3896,jambus,jambu,Masculine,4u,ジャンブ,Jambu
3897,druhus,druhu,Masculine,4u,ドルフ,Druhu
3898,prajanus,prajanu,Masculine,4u,プラジュヌ,prajnu
3899,priyaṅgus,priyaṅgu,Masculine,4u,親愛なる,dear
3900,bāhus,bāhu,Masculine,4u,腕,arm
3901,laghukarkandhus,laghukarkandhu,Masculine,4u,小さながん,Small Cancer
3902,lokadhātus,lokadhātu,Masculine,4u,Lokdhatu,Lokdhatu
3903,vaiparītyalajjālus,vaiparītyalajjālu,Masculine,4u,反対は恥ずかしがり屋です,The opposite is shy
3904,śṛdhus,śṛdhu,Masculine,4u,シュルドゥ,Shrudhu
3905,sahasrabāhus,sahasrabāhu,Masculine,4u,サハスラバフ,Sahasrabahu
3906,svādus,svādu,Masculine,4u,おいしい,Delicious
3907,agarus,agaru,Masculine,4u,あがる,agaru
3908,agurus,aguru,Masculine,4u,主人,master
3909,alābus,alābu,Masculine,4u,アラブ,Alabu
3910,āśus,āśu,Masculine,4u,アシュ,Ashu
3911,kamaṇḍalus,kamaṇḍalu,Masculine,4u,ウォーターポット,The waterpot
3912,kaśipus,kaśipu,Masculine,4u,緩衝材、クッション、座ぶとん,cushion
3913,guḍadārus,guḍadāru,Masculine,4u,グッダル,Guddaru
3914,caṭus,caṭu,Masculine,4u,悲鳴,scream
3915,jīvātus,jīvātu,Masculine,4u,長生き,Long live
3916,tarkus,tarku,Masculine,4u,論理,logic
3917,devadārus,devadāru,Masculine,4u,杉の木、ヒマラヤスギ、スギ、ビャクシン、ヒバ、ヒマラヤスギ材,Cedar
3918,madayitnus,madayitnu,Masculine,4u,madayitnu,madayitnu
3919,māyus,māyu,Masculine,4u,マユ,mayu
3920,śalāṭus,śalāṭu,Masculine,4u,木の実、堅果,nut
3921,ślikus,śliku,Masculine,4u,シュリク,Shliku
3922,hiṅgulus,hiṅgulu,Masculine,4u,ヒングル,hingulu
3923,agaru,agaru,Neuter,4u,あがる,agaru
3924,aguru,aguru,Neuter,4u,主人,master
3925,alābu,alābu,Neuter,4u,アラブ,Alabu
3926,āśu,āśu,Neuter,4u,アシュ,Ashu
3927,kamaṇḍalu,kamaṇḍalu,Neuter,4u,ウォーターポット,The waterpot
3928,kaśipu,kaśipu,Neuter,4u,緩衝材、クッション、座ぶとん,cushion
3929,guḍadāru,guḍadāru,Neuter,4u,グッダル,Guddaru
3930,caṭu,caṭu,Neuter,4u,悲鳴,scream
3931,jīvātu,jīvātu,Neuter,4u,長生き,Long live
3932,tarku,tarku,Neuter,4u,論理,logic
3933,devadāru,devadāru,Neuter,4u,杉の木、ヒマラヤスギ、スギ、ビャクシン、ヒバ、ヒマラヤスギ材,Cedar
3934,madayitnu,madayitnu,Neuter,4u,madayitnu,madayitnu
3935,māyu,māyu,Neuter,4u,マユ,mayu
3936,śalāṭu,śalāṭu,Neuter,4u,木の実、堅果,nut
3937,śliku,śliku,Neuter,4u,シュリク,Shliku
3938,hiṅgulu,hiṅgulu,Neuter,4u,ヒングル,hingulu
3939,asakau,asakau,Feminine,double,あすこう,Askou
3940,go,go,Feminine,double,牛,cow
3941,asakau,asakau,Masculine,double,あすこう,Askou
3942,go,go,Masculine,double,牛,cow