abhr,,1,para
ac,1,1,para
ad,1,2,para
ag,,1,para
agh,,10,para
ah,2,5,para
aj,,1,para
ak,,1,para
akṣ,,1,atma
akṣ,,5,atma
al,,1,para
amb,,1,para
amb,,1,atma
aṃh,1,1,atma
aṃh,1,10,para
aṃś,,10,para
an,2,2,para
and,,1,para
andh,,10,para
aṅg,,1,para
aṅg,,10,para
aṅgh,,1,atma
aṅk,,1,atma
aṅk,,10,para
aṅkh,,10,para
ant,,1,para
āp,1,5,para
aḍ,1,1,para
aḍḍ,,1,para
aṇ,,1,para
aṇ,,4,atma
ār,1,4,para
arb,,1,para
arc,1,1,para
ard,,6,para
ard,,1,para
argh,,1,para
arh,,1,para
arj,,1,para
arth,,10,atma
arth,,1,atma
arv,,1,para
aṇṭh,,1,atma
as,1,2,para
as,2,4,para
ās,2,2,atma
at,2,1,para
av,,1,para
aṭ,,1,para
aṭh,,1,para
aṭh,,1,atma
aṭṭ,,1,atma
aṭṭ,,10,para
añc,1,1,para
añc,1,10,para
añj,,7,para
aṣ,,1,para
bhā,1,2,para
babhr,,1,para
bad,,1,para
bādh,,1,atma
bhaj,,1,para
bhakṣ,,10,para
bhakṣ,,1,para
bal,2,1,para
bal,2,10,para
bhal,,1,atma
bhal,,10,atma
balh,,1,atma
balh,,10,para
bhall,,1,atma
bhām,,1,atma
bhām,,10,para
bamb,,1,para
baṃh,,1,atma
bhan,,1,para
band,,1,para
bandh,,9,para
bandh,,1,para
bandh,,4,para
bhand,,1,atma
bāḍ,,1,atma
baṇ,,1,para
bhaṇ,,1,para
barb,,1,para
bharb,,1,para
bharbh,,1,para
barh,,1,atma
barh,,10,para
bhaṇḍ,,1,atma
bhaṇḍ,,1,para
bhaṇḍ,,10,para
bharts,,10,atma
bharv,,1,para
bhaṇṭ,,10,para
bhas,1,3,para
bhās,1,1,atma
baṭh,,1,para
bhaṭ,,1,para
bhaṭ,,10,para
bhañj,1,7,para
bhañj,2,10,para
bhaṣ,,1,para
bhāṣ,1,1,atma
beh,,1,atma
beh,,1,para
beś,,1,para
bheṣ,,1,para
bhṛ,1,1,para
bhṛ,1,3,para
bhṛ,1,2,para
bhṝ,,9,para
bṛh,1,6,para
bṛh,2,1,para
bṛh,4,1,para
bṛh,4,10,para
bhṛj,,1,atma
bhṛkṣ,,1,para
bṛṃh,2,1,para
bṛṃh,4,1,para
bṛṃh,4,10,para
bhṛṃś,,1,para
bhṛṃś,,10,para
bhṛḍ,,6,para
bhṛś,,4,para
bhṛś,,6,para
bhī,1,3,para
bhī,1,1,atma
bhī,1,10,para
bībh,,1,atma
bid,,1,para
bhid,1,7,para
bhid,1,1,para
bhikṣ,,1,atma
bil,,6,para
bil,,10,para
bind,,1,para
biś,,1,para
bis,,4,para
biṭ,,1,para
bhlakṣ,,1,para
bhlāś,,1,atma
bhlāś,,4,atma
blī,,9,para
brahm,,1,para
bhrāj,1,1,atma
bhrajj,,6,para
bhrakṣ,,1,para
bhram,,1,para
bhram,,4,para
bhraṃś,,1,atma
bhraṃś,,4,para
bhraṇ,,1,para
bhraś,,1,atma
bhraś,,4,para
bhrāś,,1,atma
bhrāś,,4,atma
bhrās,,1,atma
bhrās,,4,atma
bhrej,,1,atma
bhreṣ,,1,para
bhrī,,9,para
brū,,2,para
bhruḍ,,6,para
bhrūṇ,,10,atma
bhū,1,1,para
bud,,1,para
budh,,1,para
budh,,4,atma
bhuj,1,6,para
bhuj,3,7,para
bhuj,3,6,para
bukk,,1,para
bukk,,10,para
bul,,10,para
bund,,1,para
bundh,,10,para
buṅg,,1,para
buḍ,,6,para
bhuṇḍ,,1,atma
bus,,4,para
bust,,10,para
buṭ,,1,para
buṭ,,10,para
bhūṣ,,1,para
bhyas,,1,atma
cad,,1,para
chad,1,1,atma
chad,1,10,atma
chad,3,10,atma
chad,3,1,atma
cagh,,5,para
cah,,1,para
cah,,10,para
cak,,1,para
cakās,1,2,para
cakās,1,1,atma
cakk,,10,para
cakṣ,,2,atma
cal,,1,atma
chal,,10,para
cam,,1,para
cam,,5,para
cham,,1,para
camb,,1,para
camp,,10,para
can,1,1,para
cand,,1,para
cap,,1,para
cap,,10,para
caṇ,,1,para
car,,1,atma
carb,,1,para
carc,,1,atma
carc,,10,atma
cargh,,1,para
caṇḍ,,1,atma
caṇḍ,,10,atma
carv,,10,para
carv,,1,para
cat,,1,para
caṭ,,1,para
cay,,1,atma
cāy,,1,atma
cañc,,1,para
caṣ,,1,para
chaṣ,,1,para
ceṣṭ,,1,para
chṛd,,7,para
chṛd,,1,atma
cṛt,,6,para
cṛt,,1,para
cṛt,,10,para
ci,1,5,atma
ci,2,3,atma
ci,2,5,atma
ci,3,1,para
chid,,7,atma
chid,,9,atma
cikk,,10,para
cil,,6,para
cint,,10,para
cint,,1,para
ciri,2,5,para
cit,4,1,atma
cit,4,2,atma
cit,4,3,atma
cīv,,1,para
cīv,,10,para
ciṭ,,1,para
cho,,4,para
cud,,1,atma
cul,,10,para
culump,,1,para
cumb,2,1,atma
cup,1,1,para
chup,,6,para
cuḍ,,6,para
cuḍḍ,,1,para
cur,,10,para
cur,,1,para
cūṇ,,10,para
cūr,,4,para
cūr,,10,para
chur,,6,para
cuṇḍ,,6,para
cuṇḍ,,10,para
cuṇḍ,,1,para
cūrṇ,,10,para
cuṇṭ,,6,para
cuṇṭ,,10,para
cuṇṭ,,1,para
cuṇṭh,,10,para
cuṭ,,6,para
cuṭ,,10,para
cuṭ,,1,para
chuṭ,,6,para
chuṭ,,10,para
cuṭṭ,,10,para
cūṣ,,1,para
cyu,1,10,para
cyu,2,1,para
chyu,,1,atma
cyus,,10,para
cyut,2,1,para
dā,1,3,atma
dā,1,1,atma
dā,4,4,para
dhā,1,3,para
dhā,1,1,para
dhā,1,2,para
dhā,1,4,atma
dabh,,1,atma
dabh,,5,atma
dad,,1,para
dadh,,1,atma
dagh,,5,para
dagh,,4,para
dah,1,1,para
dhakk,,10,para
dakṣ,,1,para
dal,,1,para
dam,1,4,para
dam,1,9,atma
dham,,1,para
dambh,,1,atma
dambh,,5,atma
daṃh,,10,para
daṃś,1,1,para
daṃś,1,10,para
daṃś,1,10,atma
daṃś,2,1,atma
daṃś,2,6,atma
daṃs,2,10,para
daṃs,2,1,para
daṃs,2,10,atma
dān,,1,para
dān,,10,para
dhan,1,1,para
dhan,2,3,para
daṅgh,,1,para
danv,,1,para
dhanv,,1,para
dhaṇ,,1,para
das,,1,atma
das,,4,atma
dāś,1,1,para
dāś,1,2,para
dāś,1,5,para
dās,1,1,para
dās,1,5,para
dhav,,1,atma
dhāv,1,1,para
dhāv,2,1,para
day,,1,atma
dāy,,1,atma
de,,1,atma
dai,,1,para
dhe,,1,para
dṛ,,6,atma
dṝ,,9,para
dṝ,,2,para
dhṛ,,1,para
dhṝ,,9,para
dṛbh,1,1,para
dṛbh,1,10,para
dṛbh,2,6,para
dṛh,,1,para
dṛh,,4,para
dṛh,,1,atma
dhṛj,,1,para
dṛṃh,,1,para
dṛṃh,,4,para
dṛṃh,,1,atma
dṛp,1,6,para
dṛp,2,4,para
dṛph,1,6,para
dhṛñj,,1,para
dhṛṣ,,5,para
dhṛṣ,,1,para
dī,1,4,para
dī,2,3,para
dī,3,4,atma
dhi,1,6,para
dhi,3,5,para
dhī,1,3,atma
dhī,3,4,atma
dīdhī,1,2,atma
dīdhī,2,2,atma
dih,1,2,para
dīkṣ,,1,atma
dhikṣ,,1,atma
dhīkṣ,,1,atma
dimbh,,10,atma
dimp,,10,atma
dinv,,1,para
dip,,1,atma
dīp,,4,atma
diś,1,3,para
div,1,1,para
div,1,10,para
div,2,4,para
dhiṣ,1,3,para
dhmā,,1,para
do,,2,para
do,,4,para
dhor,,1,para
drā,2,2,para
drā,,1,para
drā,,2,para
dhrā,,2,para
dhrā,,1,para
drāgh,,1,atma
drāh,,1,atma
dhraj,,1,para
drākh,,1,para
dram,,1,para
drāṅkṣ,,1,para
drāḍ,,1,atma
dhraṇ,,1,para
dhras,,9,para
dhras,,10,para
dhrañj,,1,para
drai,,1,para
drai,,2,para
dhrai,,1,para
drek,,1,atma
dhrek,,1,atma
dhrij,,1,para
dru,1,5,para
dru,2,1,para
drū,1,9,para
drū,1,5,para
dhru,1,6,para
dhru,1,1,para
druh,1,4,para
drumm,,1,para
druḍ,,1,para
druḍ,,6,para
drūḍ,,1,para
druṇ,,6,para
du,1,1,para
du,2,5,para
du,2,4,atma
dū,1,1,para
dū,2,5,para
dū,2,4,atma
dhū,1,5,para
dhū,1,6,para
dhū,1,9,para
dhū,1,1,para
dhū,1,2,atma
dudh,,1,para
duh,1,1,para
duh,2,2,para
duh,2,6,para
duh,2,4,atma
dhukṣ,,1,atma
dul,,10,para
dhūr,1,4,atma
durv,,1,para
dhurv,,1,para
dhūrv,,1,para
dhūś,,10,para
dhūs,,10,para
duṣ,2,4,para
dhūṣ,,10,para
dhvaj,1,1,para
dhvaṃs,,1,para
dhvan,2,1,para
dhvāṅkṣ,,1,para
dhvaṇ,,1,para
dhvañj,1,1,para
dvṛ,,1,para
dhvṛ,,1,para
dviṣ,2,2,para
dhvraṇ,,1,para
dyai,1,1,para
dhyai,,1,para
dyu,1,2,para
dyut,2,1,atma
edh,,1,atma
ej,,1,para
ej,,1,atma
eṭh,,1,atma
eṣ,1,1,para
ṛ,4,1,para
ṛ,4,3,para
ṛ,4,5,para
ṛc,1,6,para
ṛch,,6,para
ṛdh,,6,para
ṛdh,,2,para
ṛdh,,4,para
ṛdh,,5,para
ṛdh,,7,para
ṛj,,1,para
ṛmph,,6,para
ṛph,,6,para
ṛṇ,,8,para
ṛñj,1,1,atma
ṛñj,2,6,para
ṛñj,2,4,para
ṛñj,2,7,atma
ṛṣ,1,1,para
ṛṣ,2,6,para
gā,1,3,para
gā,1,2,para
gad,,1,para
gad,,10,para
gadh,,4,para
gādh,,1,atma
ghagh,,1,para
ghaggh,,1,para
gah,,10,para
gāh,,1,atma
gaj,,1,para
gaj,,10,para
gal,1,1,para
gal,2,1,para
galbh,,1,atma
gam,1,1,para
gam,1,2,para
gam,1,3,para
gamb,,1,para
ghamb,,1,atma
ghaṃṣ,,1,atma
gandh,,10,atma
gaḍ,,1,para
gaḍ,,10,para
gaṇ,,10,para
ghaṇ,,8,para
ghar,,10,para
garb,,1,para
gharb,,1,para
gard,,1,para
garh,,1,para
garh,,10,para
garj,,1,para
gaṇḍ,,1,para
garv,,1,para
garv,,10,atma
ghaṇṭ,,1,para
ghaṇṭ,,10,para
ghas,,1,para
ghaṭ,,1,atma
ghaṭṭ,,1,atma
ghaṭṭ,,10,para
gañj,,1,para
gai,,1,para
gai,,2,para
gai,,3,para
gep,,1,atma
gev,,1,atma
geṣ,,1,atma
gṛ,,1,para
gṝ,1,9,para
gṝ,2,6,para
gṝ,3,10,atma
ghṛ,1,3,para
ghṛ,1,1,para
ghṛ,1,10,para
ghṛ,2,3,para
ghṛ,2,5,para
ghṛ,2,8,para
gṛdh,,4,para
gṛj,,1,para
ghṛṇṇ,,1,atma
ghṛṣ,2,1,para
ghiṇṇ,,1,atma
glah,,1,atma
glas,,1,atma
glai,,1,para
glai,,2,para
glep,,1,atma
glev,,1,atma
gleṣ,,1,atma
gluc,,1,para
gluñc,,1,para
ghol,,10,para
ghrā,,1,para
ghrā,,3,para
ghrā,,2,para
grah,,9,para
granth,1,9,para
granth,1,1,para
granth,2,1,atma
gras,1,1,para
grath,1,9,para
grath,1,1,para
grath,2,1,atma
gruc,,1,para
gu,1,1,atma
gu,3,1,atma
gu,4,6,para
ghu,1,1,atma
gud,,1,atma
gudh,,4,para
gudh,,9,para
gudh,,1,atma
guh,1,1,para
guj,,1,para
guj,,6,para
gumph,,6,para
gup,1,4,para
guph,,6,para
guḍ,,6,para
ghuḍ,,6,para
gur,,6,atma
gur,,4,atma
ghuṇ,,6,para
ghuṇ,,1,atma
ghur,,6,para
ghūr,,4,atma
gurd,,1,para
gurd,,10,para
gūrd,,1,para
gūrd,,10,para
gūrd,,1,para
gūrdh,,10,para
guṇḍ,,10,para
ghuṇṇ,,1,atma
ghūrṇ,,1,para
gurv,2,1,para
guṇṭh,,10,para
ghuṭ,,6,para
ghuṭ,,1,atma
guñj,,1,para
ghuṣ,1,1,para
ghuṣ,2,1,para
hā,2,3,atma
hā,3,3,para
had,,1,para
hal,1,1,para
hamm,,1,para
han,1,2,para
hary,,1,para
has,1,1,para
haṭ,,1,para
haṭh,,1,para
hay,,1,para
hel̤,,1,atma
hel̤,,1,para
heḍ,,1,atma
heḍ,,1,para
heḍh,,9,para
heṭ,,1,para
heṭ,,9,para
heṭh,,1,para
heṭh,,9,para
heṭh,,9,para
heṣ,1,1,atma
hṛ,1,1,para
hṛ,2,9,atma
hṝ,2,9,atma
hṛṣ,,1,para
hṛṣ,,4,para
hi,1,5,para
hikk,,1,para
hil,,6,para
hiṃs,1,1,para
hiṃs,1,7,para
hiṃs,1,10,para
hiṇḍ,,1,atma
hlād,,1,atma
hlag,,1,atma
hlap,,10,para
hlas,,1,para
hmal,,1,para
hnu,,2,atma
hoḍ,,1,atma
hrād,,1,atma
hrag,,1,para
hras,,1,para
hrep,,1,atma
hreṣ,,1,atma
hrī,1,3,para
hrīch,,1,para
hrauḍ,,1,para
hru,,9,para
hruḍ,,1,para
hrūḍ,,1,para
hu,1,3,para
hul,,1,para
huḍ,,6,para
huḍ,,1,para
hūḍ,,1,para
hurch,,1,para
hūrch,,1,para
huṇḍ,,1,atma
hval,,1,para
hve,,1,para
hvṛ,,1,para
hvṝ,,1,para
i,5,2,para
īh,,1,atma
īj,,1,para
ikh,,1,para
ikh,,1,para
īkh,,1,para
īkṣ,,1,atma
il,,6,para
il,,10,para
ind,,1,para
indh,,7,atma
iṅg,,1,para
iṅkh,,1,para
iṅkh,,1,para
īṅkh,,1,para
īnt,,1,para
inv,,6,para
inv,,8,para
inv,,9,para
īḍ,1,2,atma
ir,,6,para
īr,,2,atma
īrkṣy,,1,para
īrṣy,,1,para
īś,1,2,atma
iṭ,,1,para
īñj,,1,para
iṣ,1,1,para
iṣ,1,4,para
iṣ,3,6,para
īṣ,1,1,atma
jabh,1,1,para
jabh,2,1,atma
jāgṛ,,2,atma
jāgṛ,,1,atma
jaj,,1,para
jakṣ,2,2,atma
jal,,1,para
jal,,10,para
jalp,,1,atma
jam,2,1,para
jham,,1,para
jambh,2,1,atma
jaṃs,,1,para
jaṃs,,10,para
jan,,1,atma
jan,,10,atma
jan,,3,atma
jan,,4,atma
jan,,2,atma
jaṅkṣ,,1,para
jap,,1,atma
jhaṇ,,1,para
jarc,,1,para
jharc,,1,para
jharch,,1,para
jharjh,,1,para
jarts,,1,para
jas,,1,atma
jas,,4,para
jaṭ,,1,para
jhaṭ,,1,para
jañj,,1,para
jaṣ,,1,para
jhaṣ,,1,atma
jai,,1,para
jeh,,1,atma
jeṣ,,1,atma
jṛ,1,1,para
jṛ,2,1,atma
jṝ,1,1,para
jṝ,1,4,para
jṝ,1,1,atma
jṝ,1,9,atma
jṝ,1,10,atma
jṝ,2,1,atma
jhṝ,,4,para
jhṝ,,9,para
jṛmbh,,1,atma
ji,1,1,atma
ji,1,9,atma
jim,,1,para
jinv,,1,para
jiri,,5,para
jīv,,1,atma
jiṣ,,1,para
jri,1,1,para
jri,3,1,para
jri,3,9,para
jri,3,10,para
jrī,,1,para
jrī,,9,para
jrī,,10,para
jū,1,1,atma
jū,1,9,para
jū,1,1,para
jhu,,1,atma
jul,,10,para
jun,,6,para
juṅg,,1,para
juḍ,,6,para
juḍ,,10,para
jur,1,4,para
jur,1,6,para
jūr,1,4,atma
jūr,2,4,atma
jūrv,,1,para
jut,,1,atma
juṭ,,6,para
juñc,,1,para
juñc,,10,para
juṣ,1,6,atma
juṣ,1,3,para
juṣ,1,1,para
jūṣ,,1,para
jhūṣ,,1,para
jval,,1,para
jvar,,1,para
jñā,1,9,para
jñā,1,3,atma
jyā,1,9,para
jyā,1,4,atma
jyo,,1,atma
jyu,,1,atma
jhyu,,1,atma
jyut,,1,atma
kab,,1,atma
kac,,1,para
khac,,1,para
khac,,9,para
khac,,10,para
kad,1,1,atma
khad,,6,para
khād,,1,para
kag,,1,para
kaj,,1,para
khaj,,1,para
kak,,1,atma
kakh,,1,para
kal,1,1,atma
kal,2,10,para
khal,,1,para
kall,,1,atma
khall,,1,atma
kam,2,1,atma
kamb,,1,para
khamb,,1,para
kamp,,1,atma
kaṃs,,2,atma
kāṃs,,1,atma
kan,,1,para
khan,,1,para
kand,,1,para
kaṅk,,1,atma
kāṅkṣ,,1,para
kaḍ,,1,para
kaḍ,,6,para
khaḍ,,10,para
kaḍḍ,,1,para
kaṇ,,1,para
kaṇ,,10,para
karb,,1,para
kharb,,1,para
kard,,1,para
khard,,1,para
karj,,1,para
kharj,,1,para
kaṇḍ,,1,para
kaṇḍ,,10,para
khaṇḍ,,1,atma
khaṇḍ,,10,para
karṇ,,10,para
kartr,,10,para
karv,,1,para
kharv,,1,para
kaṇṭ,,1,para
kaṇṭh,,1,para
kaṇṭh,,10,para
kaś,,1,para
kas,1,1,para
kāś,,1,atma
kāś,,4,para
kās,1,1,atma
kath,,10,para
katr,,10,para
katth,,1,atma
kav,,1,atma
kav,,10,para
khav,,9,para
kaṭ,1,1,para
kaṭ,2,1,para
kaṭh,,1,para
khaṭ,1,1,para
kaṭṭ,,10,para
khaṭṭ,,10,para
kañc,,1,atma
kāñc,,1,atma
khañj,1,1,para
kaṣ,,1,para
khaṣ,,1,para
kai,,1,para
khai,,1,para
kel,,1,para
khel,,1,para
kep,,1,atma
kev,,1,atma
kheṭ,,10,para
kṛ,1,2,para
kṛ,1,1,para
kṛ,1,5,para
kṛ,1,8,para
kṛ,2,3,para
kṝ,1,6,para
kṝ,2,5,para
kṝ,2,9,para
kṝ,3,10,atma
kṛp,2,6,atma
kṛp,2,10,para
kṛś,,4,para
kṛt,2,6,para
kṛt,2,1,para
kṛt,3,7,para
kṛṣ,1,1,para
kṛṣ,1,6,para
ki,2,3,para
khid,,6,atma
khid,,7,atma
khid,,4,atma
kil,,6,para
kil,,10,para
kīl,,1,para
kīrt,,10,para
kit,,3,para
kiṭ,,1,para
kīṭ,,10,para
khiṭ,,1,para
kiṣk,,10,atma
klam,,1,para
klam,,4,para
kland,,1,para
klath,,1,para
klav,,1,atma
kleś,,1,atma
klīb,,1,atma
klīb,,10,atma
klid,,4,atma
klind,1,1,para
kliś,,9,para
kliś,,4,para
klu,,1,atma
kmar,,1,para
knaṃs,,1,para
knaṃs,,10,para
knas,,4,para
knath,,1,para
knu,,9,para
knū,,9,para
knūy,,1,atma
khoḍ,,1,para
khoḍ,,10,para
khor,,1,para
khoṭ,,1,para
khoṭ,,10,para
kram,,1,para
kram,,4,para
kraṃś,,1,para
krand,,1,para
krap,,1,atma
krath,,1,para
krī,1,9,para
krīḍ,,1,para
krudh,1,4,para
kruḍ,,6,para
kruḍ,,10,para
kruś,,1,para
kruñc,1,1,para
kū,1,2,para
kū,1,1,atma
kū,1,6,para
kū,1,9,para
khu,,1,atma
kuc,,1,para
kuc,,6,para
kud,,10,para
khud,,6,para
kuh,1,10,atma
kuj,,1,para
kuj,,6,para
kūj,,1,para
khuj,,1,para
kuk,,1,atma
kul,,1,para
kūl,1,1,para
kumb,,6,para
kumb,,10,para
kuṃś,,1,para
kuṃś,,10,para
kuṃs,,1,para
kuṃs,,10,para
kundr,,10,para
kunth,,1,para
kunth,,9,para
kup,1,4,para
kup,2,10,para
kūp,,10,para
kuḍ,,6,para
kūḍ,1,6,para
kūḍ,2,10,para
kuṇ,,6,para
kuṇ,,10,para
kur,,6,para
kūṇ,,1,para
khur,,6,para
kūrd,,1,para
khurd,,1,atma
kuṇḍ,,1,para
kuṇḍ,,1,atma
khuṇḍ,,1,atma
khuṇḍ,,10,para
kuṇṭh,,1,para
kuś,,4,para
kuth,,4,para
kuts,,10,para
kuts,,1,para
kuts,,4,para
kuṭ,,6,para
kuṭ,,4,para
kuṭ,,10,atma
kūṭ,,10,para
kuṭṭ,,10,para
kuñc,,1,para
kuñj,,1,para
kuṣ,,9,para
kvaṇ,,1,para
kvath,,1,atma
kḷp,,1,atma
khyā,,2,para
kṣad,1,1,atma
kṣaj,,1,atma
kṣaj,,10,para
kṣal,2,10,para
kṣam,1,1,atma
kṣam,1,2,para
kṣam,1,4,para
kṣamp,,1,para
kṣamp,,10,para
kṣan,1,8,para
kṣap,1,1,para
kṣap,2,10,para
kṣar,,1,para
kṣar,,2,para
kṣai,,1,para
kṣi,1,1,para
kṣi,2,2,para
kṣi,2,6,para
kṣi,4,1,para
kṣi,4,5,para
kṣi,4,9,para
kṣīb,,1,para
kṣīj,,1,para
kṣip,1,6,para
kṣip,1,4,para
kṣiṇ,,8,para
kṣiv,,1,para
kṣiv,,4,para
kṣmāy,,1,atma
kṣmīl,,1,para
kṣoṭ,,10,para
kṣṇu,,2,para
kṣu,1,2,para
kṣubh,1,1,atma
kṣubh,1,4,para
kṣubh,1,5,para
kṣubh,1,9,para
kṣud,1,1,para
kṣud,1,7,para
kṣudh,1,4,para
kṣump,,1,para
kṣup,,6,para
kṣur,,6,para
kṣvel,,1,para
kṣviḍ,1,1,para
kṣviḍ,2,1,atma
kṣviḍ,2,4,para
lā,1,2,para
labh,,1,atma
lābh,,10,para
lach,,1,para
lag,,1,para
lāgh,,1,atma
laj,1,6,atma
laj,2,1,para
laj,3,10,para
lāj,,1,para
lajj,,6,atma
lak,,10,para
lakh,,1,para
lākh,,1,para
lakṣ,,1,atma
lakṣ,,10,para
lal,,1,para
lamb,1,1,atma
lamb,2,1,atma
lambh,,1,atma
laṅg,,1,para
laṅgh,,1,para
laṅgh,,10,para
lap,1,1,para
laḍ,,1,para
laḍ,,10,para
lāḍ,,10,para
larb,,1,para
lard,,10,para
laṇḍ,,10,para
laś,,10,para
las,1,1,para
laṭ,1,1,para
lay,,1,atma
lāñch,,1,para
lañj,1,1,para
lañj,2,10,para
lāñj,,1,para
laṣ,,1,para
laṣ,,4,para
laṣ,,10,para
lep,,1,atma
laiṇ,,1,para
lī,1,9,para
lī,1,1,para
lī,1,4,atma
lih,1,2,para
likh,,6,para
liṅg,,1,para
liṅg,,10,para
liṅkh,,1,para
lip,,6,para
lip,,1,para
liś,1,4,atma
liś,1,6,para
loc,,1,atma
loc,,10,para
lok,,1,atma
loḍ,1,1,para
lauḍ,,1,para
loṭ,1,1,para
loṣṭ,,1,atma
lpī,,9,para
lū,1,9,para
lubh,,6,para
lubh,,4,para
luh,,1,para
lul,,1,para
lumb,,1,para
lumb,,10,para
lunth,,1,para
lup,1,6,para
lup,1,4,para
luḍ,,1,para
luḍ,,6,para
luṇṭ,,1,para
luṇṭ,,10,para
luṭ,1,1,atma
luṭ,1,10,para
luṭ,2,1,para
luṭ,2,4,para
luṭ,2,1,atma
luṭ,2,10,para
luṭh,1,1,para
luṭh,1,1,atma
luṭh,1,10,para
luṭh,2,6,para
luñc,,1,para
luṣ,,1,para
lūṣ,,1,para
lūṣ,,10,para
lvī,,9,para
lyī,,9,para
mā,2,3,para
mā,3,2,para
mā,3,3,atma
mā,3,4,atma
mabhr,,1,para
mac,,1,atma
mad,2,4,para
mad,2,1,para
mad,2,3,para
mah,1,1,para
mah,1,10,para
māh,,1,para
majj,,6,para
makh,,1,para
makk,,1,atma
makṣ,1,1,para
mal,,1,atma
mal,,10,para
mall,,1,atma
mamb,,1,para
maṃh,,1,atma
man,,8,atma
man,,4,atma
mān,,1,para
mān,,10,para
mand,1,1,atma
maṅg,,1,atma
maṅgh,,1,para
maṅk,,1,atma
maṅkh,,1,para
māṅkṣ,,1,para
manth,1,1,para
manth,1,9,para
mānth,,1,para
mantr,,10,atma
māḍ,,1,para
maṇ,,1,para
marb,,1,para
marc,,10,para
mārg,,1,para
mārg,,10,para
marj,,1,para
marj,,6,para
mārj,,10,para
maṇḍ,,1,para
marv,,1,para
maṇṭ,,10,para
maṇṭh,,1,atma
maś,,1,para
mas,1,4,para
mask,,1,atma
math,1,1,para
math,1,9,para
mav,,1,para
mavy,,1,para
maṭh,,1,para
may,,1,atma
mañc,,1,atma
mañj,,10,para
maṣ,,1,para
me,1,1,atma
med,1,1,para
medh,,1,para
mep,,1,para
meḍ,,1,para
mev,,1,atma
meṭ,,1,para
mṛ,,6,atma
mṛ,,1,para
mṝ,,9,para
mṛc,1,10,para
mṛc,1,4,para
mṛch,,6,atma
mṛd,1,9,para
mṛd,1,1,para
mṛdh,1,1,para
mṛdh,1,6,para
mṛg,,4,para
mṛg,,10,atma
mṛj,1,2,para
mṛj,1,6,para
mṛj,1,1,para
mṛkṣ,,1,para
mṛḍ,,6,para
mṛḍ,,9,para
mṛṇ,,6,para
mṛś,1,6,para
mṛṣ,1,4,para
mṛṣ,1,1,para
mṛṣ,3,1,para
mi,1,5,para
mī,1,9,para
mī,3,1,para
mī,3,10,para
mich,,6,para
mid,1,1,para
mid,2,1,atma
mid,2,4,para
mid,2,10,para
midh,,1,para
mih,1,1,para
mil,,6,para
mīl,,1,para
mīm,,1,para
mind,2,1,atma
mind,2,4,para
mind,2,10,para
miś,,1,para
mis,,4,para
miśr,,10,para
mith,,1,para
mīv,1,1,para
mīv,2,1,para
miñj,,10,para
miṣ,1,6,para
miṣ,2,1,para
mlakṣ,,10,para
mlai,,1,para
mlech,,1,para
mlech,,10,para
mleḍ,,1,para
mlev,,1,atma
mleṭ,,1,para
mluc,,1,para
mluñc,,1,para
mnā,,1,para
mokṣ,,1,atma
mokṣ,,10,para
mrad,,1,atma
mrakṣ,,1,para
mreḍ,,1,para
mrit,,4,para
mruc,,1,para
mruñc,,1,para
mū,,1,atma
muc,1,1,atma
muc,2,6,para
much,,1,para
mud,1,10,para
mud,2,1,atma
muh,1,4,para
muj,,1,para
muj,,10,para
mūl,,1,para
muḍ,,1,para
muṇ,,6,para
mur,3,6,para
murch,,1,para
mūrch,,1,para
muṇḍ,,1,para
muṇḍ,,1,atma
murv,,1,para
muṇṭ,,1,para
muṇṭh,,1,atma
mus,,4,para
must,,10,para
muṭ,,1,para
muṭ,,6,para
muṭ,,10,para
muñc,,1,para
muñc,,1,atma
muñj,,1,para
muñj,,10,para
muṣ,1,1,para
muṣ,2,9,para
muṣ,2,1,para
muṣ,2,6,para
mūṣ,1,1,para
myakṣ,,1,para
nabh,1,1,atma
nabh,1,4,para
nabh,1,9,para
nad,,1,para
nādh,,1,atma
nah,1,4,para
naj,,6,atma
nakh,,4,para
nakh,,1,para
nakk,,10,para
nakṣ,,1,para
nal,,1,para
nal,,10,para
nam,,1,para
namb,,1,para
naṃś,,1,para
nand,,1,para
naṅkh,,4,para
naṅkh,,1,para
naḍ,1,10,para
narb,,1,para
nard,,1,para
naś,1,1,para
naś,2,4,para
naś,2,1,para
nas,2,1,atma
nās,1,1,atma
nāth,,1,atma
naṭ,,1,para
nay,,1,atma
ned,2,1,para
neṣ,,1,atma
nṝ,,9,para
nṛt,1,4,para
nī,2,1,para
nij,,2,atma
nij,,3,para
nikṣ,,1,para
nil,,6,para
nīl,,1,para
niṃs,,2,atma
nind,,1,para
ninv,,1,para
niś,2,1,para
nīv,,1,para
niñj,,2,atma
niṣ,2,1,para
niṣk,,10,atma
ṅu,,1,atma
nu,3,1,atma
nu,4,2,para
nu,4,6,para
nū,,2,para
nū,,6,para
nud,,6,para
nuḍ,,6,para
oj,,1,para
oj,,10,para
okh,,1,para
olaṇḍ,,1,para
olaṇḍ,,8,para
olaṇḍ,,10,para
oṇ,,1,para
pā,1,1,para
pā,1,2,atma
pā,3,2,para
pā,5,3,atma
pac,1,1,para
pac,2,1,para
pac,2,4,atma
pad,1,1,para
pad,2,4,atma
phakk,,1,para
pakṣ,,1,para
pakṣ,,10,para
pal,,1,para
pāl,,10,para
phal,,1,para
pall,,1,para
pamb,,1,para
paṃś,,1,para
paṃś,,10,para
paṃs,,1,para
paṃs,,10,para
pan,2,1,atma
panth,,1,para
panth,,10,para
paṇ,,1,atma
phaṇ,,1,para
parb,,1,para
pard,,1,atma
parp,,1,para
paṇḍ,,1,atma
paṇḍ,,10,para
paṇḍ,,1,para
parṇ,,10,para
parv,,1,para
pharv,,1,para
parṣ,,1,atma
paś,3,10,para
pas,,1,para
pas,,10,para
pat,1,4,atma
pat,2,1,para
path,,1,para
pav,,1,atma
paṭ,,1,para
paṭh,,1,para
pay,,1,atma
pāy,,1,atma
pañc,1,1,para
paṣ,,1,para
paṣ,,10,para
pai,,1,para
peb,,1,atma
pel,,1,para
pel,,10,para
phel,,1,para
peṇ,,1,para
paiṇ,,1,para
pes,,1,para
pev,,1,atma
peṣ,,1,atma
pṛ,1,3,para
pṛ,1,9,para
pṛ,2,5,para
pṛ,2,6,atma
pṝ,,9,para
pṝ,,6,para
pṝ,,3,para
pṛc,1,7,para
pṛc,1,2,para
pṛc,1,1,para
pṛc,1,3,para
pṛj,,2,atma
pṛḍ,,6,para
pṛṇ,,6,para
pṛth,1,10,para
pṛth,2,10,para
pṛñj,,2,atma
pṛṣ,,1,para
pṛṣ,,1,atma
pi,1,6,para
pi,,1,atma
pi,,2,atma
pi,,3,para
pī,1,4,atma
pī,2,1,atma
pī,2,2,atma
pī,2,3,para
pich,,10,para
pich,,6,para
picc,,10,para
pil,,10,para
pīl,,1,para
piṃs,,1,para
piṃs,,10,para
pinv,,1,para
pīḍ,,10,para
piṇḍ,,1,atma
piṇḍ,,10,para
piś,1,6,para
pis,,4,para
piṭ,,1,para
piṭh,,1,para
pīy,,1,para
piñj,,2,atma
piñj,,10,para
piṣ,,7,para
plab,,1,atma
plakṣ,,1,para
plav,,1,atma
plev,,1,atma
plī,,9,para
plih,,1,atma
plu,,1,atma
plus,,4,para
pluṣ,,1,para
pluṣ,,4,para
pluṣ,,9,para
poñch,,1,atma
prā,1,2,para
prach,,6,para
pras,,1,atma
prath,1,1,atma
prath,2,10,para
praiṇ,,1,para
preṣ,1,1,atma
prī,1,9,para
prī,1,4,atma
proth,,1,para
pru,,1,atma
pruth,,1,para
pruṣ,1,5,para
pruṣ,1,10,para
pruṣ,1,9,para
pruṣ,1,4,para
pruṣ,3,1,para
psā,1,2,para
pū,1,9,para
pū,1,1,atma
puch,,1,para
pūj,,10,para
pūj,,1,para
pul,,1,para
pul,,6,para
pul,,10,para
pūl,,1,para
pūl,,10,para
phull,,1,para
puṃs,1,10,para
punth,,1,para
puḍ,,6,para
puḍ,,1,para
puṇ,,6,para
puṇ,,10,para
pur,2,6,para
pūṇ,,10,para
puṇḍ,,1,para
purv,,1,para
puṇṭ,,10,para
pus,,10,para
pust,,10,para
puth,,4,para
puṭ,,6,para
puṭ,,1,para
puṭ,,10,para
puṭṭ,,10,para
pūy,,1,para
puṣ,1,4,para
puṣ,2,1,para
puṣ,2,4,para
puṣ,2,9,para
pūṣ,,1,para
pyāy,,1,atma
pyai,,1,atma
pyus,,4,para
pyuṣ,,4,para
pyuṣ,,10,para
ḍam,,1,para
ḍamb,,10,para
ḍambh,,10,atma
ḍamp,,10,atma
ḍap,,10,atma
ḍī,,1,atma
ḍī,,4,atma
ḍimp,,10,atma
ḍimp,,4,para
ḍimp,,6,para
ḍimp,,10,para
ḍip,,10,atma
ḍip,,4,para
ḍip,,6,para
ḍip,,10,para
ḍhauk,,1,atma
rā,1,2,para
rabh,,1,atma
rac,,10,para
rad,,1,para
radh,,4,para
rādh,,5,para
rādh,,4,para
rag,,1,para
rag,,10,para
rāgh,1,1,atma
rah,,1,para
rah,,10,para
raj,,1,para
raj,,4,para
rāj,1,1,para
rak,,10,para
rakh,,1,para
rākh,,1,para
rakṣ,1,1,para
ram,,1,atma
ramb,1,1,atma
ramb,2,1,atma
ramb,2,1,para
rambh,,1,atma
rambh,2,1,atma
raṃh,,1,para
raṃh,,10,para
ramph,,1,para
ran,1,1,para
ran,1,4,para
randh,,4,para
raṅg,,1,para
raṅgh,,1,atma
raṅkh,,1,para
rap,,1,para
raph,,1,para
raṇ,1,1,para
raṇ,1,4,para
raṇ,2,1,para
raṇ,3,10,para
rarph,,1,para
raṇv,,1,para
ras,1,1,para
ras,2,10,para
rās,1,2,para
rās,1,1,atma
raṭ,,1,para
raṭh,,1,para
ray,,1,atma
rañj,,1,para
rañj,,4,para
rai,1,1,para
rebh,,1,para
rej,1,1,para
rek,,1,atma
rel̤,,1,atma
rep,,1,atma
reḍ,,1,atma
reṭ,,1,para
reṣ,1,1,atma
ri,1,9,para
ri,1,4,para
rī,1,9,para
rī,1,4,para
ribh,,1,para
ric,,7,para
ric,,1,para
ric,,4,atma
rih,,6,para
rih,,2,para
rij,,1,atma
rikh,,1,para
rikh,,6,para
rimph,,6,para
riṅg,,1,para
riṅkh,,1,para
riph,,6,para
riṇv,,1,para
riś,,6,para
rīv,,1,para
riṣ,1,1,para
riṣ,1,4,para
roḍ,,1,para
rauḍ,,1,para
rauṭ,,1,para
ru,1,2,para
ru,3,1,atma
ruc,1,1,atma
rud,1,2,para
rudh,1,1,para
rudh,2,7,para
ruh,1,1,para
ruj,1,6,para
rūkṣ,,10,para
ruṃś,,1,para
ruṃś,,10,para
rup,1,4,para
rūp,,10,para
ruṇṭ,,1,para
ruṇṭh,,1,para
ruś,,6,para
ruṭ,,1,atma
ruṭ,,10,para
ruṭh,,1,para
ruṭh,,1,atma
ruṣ,1,1,para
ruṣ,1,4,para
rūṣ,,1,para
rūṣ,,10,para
sabhāj,,10,para
śabd,,10,para
śac,,1,atma
sac,1,1,atma
śad,2,1,atma
śad,2,6,atma
sad,2,1,para
sad,2,6,para
sādh,1,1,para
sag,,1,para
sagh,,5,para
sah,1,1,atma
sah,3,4,para
saj,2,1,para
sajj,1,1,para
sajj,1,1,para
śak,,5,para
śākh,,1,para
sakṣ,,1,para
sākṣ,,1,para
śal,1,1,atma
śal,1,1,para
śal,1,10,atma
śāl,,1,atma
śāl,,10,atma
sal,,1,para
śalbh,,1,atma
śam,1,4,para
sam,1,1,para
sam,1,10,para
sāmaya,1,10,para
śamb,,1,para
śamb,,10,para
śaṃs,,1,para
san,1,1,para
san,1,8,para
śaṅk,,1,atma
sāntv,,10,para
śap,3,1,para
śap,3,4,para
sap,1,1,para
śāḍ,,1,atma
śaṇ,,1,para
śaṇ,,10,para
śarb,,1,para
sarb,,1,para
sarj,1,1,para
sarj,2,1,para
śaṇḍ,,1,atma
śarv,,1,para
śaś,,1,para
śas,1,1,para
śās,1,2,para
sas,,2,para
satr,,10,atma
śav,,1,para
śaṭ,,1,para
śaṭ,,10,atma
śaṭh,1,10,atma
śaṭh,2,10,para
śaṭh,3,10,para
śaṭh,4,1,para
śaṭh,4,10,para
saṭ,,1,para
saṭh,1,10,para
sāṭ,,10,para
saṭṭ,,10,para
say,,1,atma
śañc,,1,atma
sañj,1,1,para
sañj,2,1,para
śaṣ,,1,para
ścut,1,1,para
sai,,1,para
sek,,1,atma
śel,,1,para
śev,,1,atma
sev,,1,atma
śṝ,,9,para
sṛ,,1,para
sṛ,,3,para
sṛ,,10,para
sṝ,,9,para
sṛbh,,1,para
śṛdh,,1,para
sṛj,1,6,para
sṛmbh,,1,para
sṛp,,1,para
śi,1,3,para
śi,1,5,para
śī,1,2,atma
śī,3,4,atma
si,1,5,para
si,1,9,para
śībh,,1,atma
sic,1,6,para
sidh,1,1,para
sidh,2,1,para
sidh,3,4,para
śīk,,1,atma
śikṣ,,1,para
śil,,6,para
śīl,1,1,para
śīl,1,10,para
sil,,6,para
śim,,4,para
śiṅgh,,1,para
śiṅkh,,1,para
siv,,4,para
śiṭ,,1,para
siṭ,,1,para
śiñj,,2,atma
śiñj,,1,atma
śiñj,,10,atma
śiṣ,1,1,para
śiṣ,2,7,para
skabh,,5,para
skabh,,9,para
skabh,,1,atma
skhad,,1,atma
skhal,,1,para
skambh,,5,para
skambh,,9,para
skambh,,1,atma
skand,,1,para
skandh,,10,para
sku,,5,para
sku,,9,para
skumbh,,5,para
skumbh,,9,para
skund,,1,atma
ślāgh,,1,atma
ślākh,,1,para
ślaṅg,,1,para
ślaṅk,,1,atma
ślath,,1,para
śliṣ,1,1,para
śliṣ,2,4,para
ślok,,1,atma
śloṇ,,1,para
smṛ,2,1,para
smi,,1,atma
śmīl,,1,para
smiṭ,,10,para
snā,1,2,para
snā,1,4,para
śnath,,1,para
snai,,1,para
snih,1,4,para
snih,1,1,para
snih,1,10,para
sniṭ,,10,para
snu,1,2,para
snuc,,1,atma
snuh,1,4,para
snus,,4,para
śo,,3,para
śo,,4,para
so,1,4,para
śoṇ,,1,para
śauṭ,,1,para
sphal,,1,para
spand,,1,atma
sphar,,6,para
spardh,,1,atma
sphaṇḍ,,10,para
sparṣ,,1,atma
spaś,3,1,para
spaś,4,10,para
sphaṭ,,1,para
sphaṭ,,10,para
sphāy,,1,atma
spṛ,1,5,para
spṝ,,9,para
spṛdh,,1,atma
spṛh,1,10,para
spṛś,1,6,para
sphiṭ,,10,para
sphiṭṭ,,10,para
sphul,,6,para
sphuḍ,,6,para
sphur,1,6,para
sphūrch,,1,para
sphūrj,,1,para
sphuṇḍ,,1,atma
sphuṇḍ,,10,para
sphuṇṭ,,1,para
sphuṇṭ,,10,para
sphuṭ,,6,para
sphuṭ,,1,para
sphuṭṭ,,10,para
śrā,,1,para
śrā,,4,para
śrā,,2,para
śram,1,4,para
śrambh,,1,atma
sraṃh,,1,atma
sraṃs,1,1,atma
śraṅg,,1,para
śraṅg,,1,para
śraṅk,,1,atma
śraṅk,,1,atma
śranth,,9,para
śraṇ,,1,para
śraṇ,,10,para
sras,1,1,atma
śrath,,9,para
śrai,,1,para
śrai,,4,para
śrai,,2,para
srek,,1,atma
śri,1,1,para
śrī,1,9,para
sribh,,1,para
sridh,1,1,para
srimbh,,1,para
sriv,,4,para
srīv,,4,para
śriṣ,1,1,para
śroṇ,,1,para
śroṇ,,1,para
śru,1,5,para
sru,,1,para
sthā,1,1,para
stabh,,5,para
stabh,,9,para
stabh,,1,atma
sthag,,1,para
stak,,1,para
sthal,,1,para
stam,1,1,para
stam,1,10,para
stambh,,5,para
stambh,,9,para
stambh,,1,atma
stan,,1,para
stai,,1,para
sten,,10,para
step,,1,atma
step,,10,para
stṛ,1,5,para
stṛ,1,9,para
stṝ,1,5,para
stṝ,1,9,para
stṛh,,6,para
stṝh,,6,para
stṛkṣ,,1,para
stigh,,5,para
stim,,4,para
stīm,,4,para
stip,,1,atma
sthir,,1,para
stu,1,2,para
stubh,1,1,para
stubh,1,1,atma
stuc,,1,atma
sthūl,,10,atma
stumbh,,5,para
stumbh,,9,para
stūp,,4,para
stūp,,10,para
sthuḍ,,6,para
styai,,1,para
styai,,1,atma
śu,1,1,para
su,1,1,para
su,2,1,para
su,2,2,para
su,3,5,para
sū,1,6,para
sū,2,2,atma
śubh,1,1,atma
śubh,1,6,para
subh,,9,para
subh,,6,para
subh,,1,para
śuc,1,1,para
śuc,1,4,para
śuc,3,4,para
sūc,,10,para
śucy,2,1,para
śudh,,1,para
śudh,,4,para
sūd,1,1,atma
suh,,4,para
śuk,,1,para
sukh,,10,para
sukh,,4,para
śūl,,1,para
śūl,,4,para
śulb,,10,para
śulk,,10,para
śulv,,10,para
śumbh,2,1,para
śun,,6,para
śundh,,1,para
śundh,,4,para
śūr,,4,atma
śūr,,10,atma
sur,,6,para
sur,,10,para
sūr,,4,atma
sūr,,10,atma
sūrkṣ,,1,para
sūrkṣy,,1,para
śūrp,,10,para
śuṇḍ,,1,para
śuṇṭh,,1,para
śuṇṭh,,10,para
sūtr,,10,para
śuṭh,,1,para
śuṭh,,10,para
suṭṭ,,10,para
śuṣ,1,4,para
śuṣ,3,6,para
śūṣ,,1,para
sūṣ,,1,para
śvabhr,,10,para
śvac,,1,atma
svad,,1,atma
svād,,1,atma
śvaj,,1,atma
svaj,,1,atma
śval,,1,para
śvalk,,10,para
śvall,,1,para
svan,1,1,para
śvaṅg,,1,para
svaṅg,,1,para
śvaṅk,,1,atma
svap,1,2,para
svar,1,10,para
svar,2,1,para
svard,,1,atma
śvaṇṭh,2,10,para
śvas,1,2,para
śvātr,,1,para
śvaṭh,1,10,para
śvaṭh,2,10,para
śvañc,,1,atma
śvañj,,1,atma
svañj,,1,atma
svṛ,,1,para
śvi,,1,para
svid,2,1,atma
śvind,,1,atma
śvit,1,1,atma
syad,,1,atma
syam,,1,para
syam,,10,para
syam,,10,atma
syand,,1,atma
śyai,,1,para
tak,,2,para
tak,,1,para
takṣ,1,1,para
takṣ,1,2,atma
takṣ,1,5,atma
tal,,1,para
tal,,10,para
tam,,4,atma
tamb,,1,para
taṃs,,1,para
tan,1,1,para
tan,1,10,para
tan,2,4,para
tan,3,8,para
tand,,1,atma
tandr,,1,para
taṅg,,1,para
taṅk,,1,para
tap,1,4,atma
tap,2,1,atma
tap,2,4,atma
taḍ,,10,para
tarb,,1,para
tard,,1,para
tarj,,1,atma
tark,,10,para
taṇḍ,,1,atma
tharv,,1,para
tas,1,4,para
taṭ,,1,para
tay,,1,atma
tāy,,1,atma
tañc,1,1,para
tañc,2,7,para
tep,,1,atma
tev,,1,atma
tṝ,,1,para
tṝ,,5,para
tṝ,,3,para
tṝ,,6,para
tṛd,,7,atma
tṛh,,7,para
tṛh,,6,para
tṛkṣ,,1,para
tṛmp,,6,para
tṛmph,,6,para
tṛp,1,4,atma
tṛp,1,5,atma
tṛp,1,6,atma
tṛp,1,1,atma
tṛph,,6,para
tṛṇ,,8,para
tṛṣ,1,4,atma
tig,,5,para
tigh,,5,para
tij,,1,para
tik,,1,para
tik,,5,para
tīk,,1,atma
til,1,1,para
til,2,6,para
til,2,10,para
till,,1,para
tim,,4,para
tīm,,4,para
tip,,1,para
tīv,,1,para
toḍ,,1,atma
trakh,,1,para
traṃs,,1,para
traṃs,,10,para
trap,,1,para
tras,1,10,para
tras,2,1,atma
tras,2,4,atma
trai,,1,atma
triṅkh,,1,para
trauk,,1,atma
trup,,1,para
truṭ,,6,atma
truṭ,,4,atma
tsar,,1,para
tu,1,2,para
tubh,,1,para
tubh,,4,para
tubh,,9,para
tud,1,6,para
tuh,,1,para
tuj,2,6,atma
tul,,10,atma
tūl,,1,para
tūl,,10,para
tumb,,1,para
tumb,,10,para
tump,,1,para
tump,,6,para
tumph,,1,para
tumph,,6,para
tund,,1,para
tup,,1,para
tup,,6,para
tuph,,1,para
tuph,,6,para
tuḍ,,1,para
tuḍ,,6,para
tūḍ,,1,para
thuḍ,,6,para
tuḍḍ,,1,para
tuṇ,,6,para
tur,1,6,atma
tur,1,4,atma
tūṇ,,10,para
tuṇḍ,,1,atma
turv,,1,para
thurv,,1,para
tuś,1,1,atma
tuś,2,1,atma
tus,,1,para
tuṭ,,6,para
tuṣ,,4,para
tūṣ,,1,para
tvac,1,6,para
tvakṣ,,1,para
tvaṅg,,1,para
tvar,,1,para
tvañc,,1,para
tvañc,,7,para
tviṣ,1,1,atma
tyaj,1,1,para
u,4,5,para
u,4,2,atma
u,4,1,atma
ubh,,9,para
ubh,,6,para
ubj,,6,para
uc,,4,para
uch,1,1,para
uch,2,1,para
ud,2,7,para
ud,2,6,para
udhras,1,9,para
udhras,2,10,para
uh,,1,para
ūh,1,1,para
ūh,2,1,para
ujjh,,6,para
ukh,,1,para
ukṣ,1,1,para
ulaḍ,,10,para
und,2,7,para
und,2,6,para
uṅkh,,6,para
ūrd,,1,atma
ūrṇu,,2,para
ūrv,,1,para
uṭh,,1,para
ūy,,1,atma
uñch,,1,para
uñch,,6,para
uṣ,1,1,para
uṣ,1,9,para
ūṣ,,1,para
vā,2,2,para
vabhr,,1,para
vac,,2,para
vac,,3,para
vad,,1,para
vah,1,1,para
vāh,1,1,atma
vaj,,1,para
vaj,,10,para
vak,2,1,atma
vakh,,1,para
vakk,,1,atma
vakṣ,,1,para
val,,1,atma
valbh,,1,atma
valg,,1,para
valh,,1,atma
valh,,10,para
valk,,10,para
vall,,1,para
vam,,1,para
van,1,1,para
van,1,8,para
vand,,1,atma
vaṅg,,1,para
vaṅgh,,1,atma
vaṅk,2,1,atma
vaṅkh,,1,para
vāṅkṣ,,1,para
vap,1,1,para
vap,2,1,para
vaḍḍh,,1,para
vaṇ,,1,para
varc,,1,atma
vardh,,10,para
varh,,1,atma
varh,,10,para
varph,,1,para
vaṇḍ,,1,atma
vaṇḍ,,10,para
varṇ,,10,para
vaṇṭ,,1,para
vaṇṭ,,10,para
vaṇṭh,,1,atma
vaś,,2,para
vas,2,6,para
vas,3,10,para
vas,4,2,atma
vas,5,1,para
vas,5,10,para
vas,8,4,para
vāś,,4,atma
vās,2,10,para
vask,,1,atma
vast,,10,atma
vāt,2,10,para
vāvṛt,,4,atma
vaṭ,,1,para
vaṭ,,10,para
vaṭh,,1,para
vaṭṭ,,1,para
vay,,1,atma
vay,,1,para
vañc,,1,para
vāñch,,1,para
vaṣ,,1,para
vaṣk,,1,atma
ve,1,1,para
vai,1,1,para
vedh,,1,atma
veh,,1,atma
veh,,1,para
vehl,,1,para
vekṣ,,10,para
vel,1,1,para
vel,2,10,para
vell,,1,para
ven,,1,para
ves,,1,para
veth,,1,atma
vevī,,2,atma
veṭy,,1,para
veṣṭ,,1,atma
vṛ,1,5,para
vṛ,1,9,para
vṛ,1,1,para
vṛ,1,5,atma
vṛ,1,9,atma
vṛ,1,1,atma
vṛ,2,5,para
vṛ,2,9,para
vṛdh,,1,atma
vṛh,1,6,para
vṛj,1,1,para
vṛj,1,7,para
vṛj,1,2,atma
vṛk,,1,atma
vṛkṣ,,1,atma
vṛṇ,,8,para
vṛṇ,,6,para
vṛś,,4,para
vṛt,1,1,atma
vṛṣ,,1,para
vī,1,2,para
vic,,7,para
vich,,10,para
vid,1,2,para
vid,3,6,para
vid,5,7,atma
vidh,1,6,para
vidh,2,6,atma
vidh,5,1,atma
vij,1,6,atma
vij,1,1,para
vij,1,3,para
vīj,,1,para
vil,,6,para
vil,,10,para
vil,,6,para
vil,,10,para
vip,1,1,atma
viḍ,1,1,para
vīr,2,10,atma
viṇṭ,,10,para
viś,,1,para
viś,1,6,para
vis,,4,para
vith,,1,atma
vitt,,10,para
viṭ,,1,para
viṭ,,1,para
viṣ,1,3,para
viṣ,1,1,para
viṣ,4,9,para
viṣk,,10,para
vlī,,9,para
vraj,,1,para
vraj,,10,para
vraṇ,1,1,para
vraṇ,2,1,para
vraṇ,2,10,para
vraśc,,6,para
vrī,,9,para
vrī,,4,atma
vrīḍ,,1,atma
vrīḍ,,4,para
vrīḍ,,10,para
vruḍ,,6,para
vrūs,,1,para
vrūs,,10,para
vuṇṭ,,10,para
vyac,,6,para
vyadh,,4,para
vyap,,10,para
vyath,,1,atma
vyay,,1,para
vyay,,10,para
vyay,2,10,para
vye,,1,para
vyuṣ,1,4,para
vyuṣ,1,10,para
ṭal,,1,para
ṭaṅk,,10,para
ṭik,,1,atma
ṭīk,,1,atma
ṭip,,10,para
ṭauk,,1,atma
ṭval,,1,para
yā,1,2,para
yabh,,1,para
yāc,,1,para
yaj,1,1,para
yakṣ,,1,para
yakṣ,,10,atma
yam,,1,para
yantr,,10,para
yantr,,1,para
yas,,4,para
yat,2,1,atma
yat,2,10,atma
yeṣ,,1,para
yauṭ,,1,para
yu,1,3,para
yu,2,2,para
yuch,,1,para
yudh,1,4,atma
yudh,1,1,para
yuj,1,7,para
yuṅg,,1,para
yup,,4,para
yut,2,1,atma
yūṣ,,1,para
ṣaṭṭ,,10,para
ṣaṣk,,1,para
ṣukk,,1,atma
ṣvakk,,1,atma
ṣvaṣk,,1,para
ṣvaṣk,,1,atma
ṣṭhiv,,1,para
ṣṭhiv,,4,para
ṣṭhīv,,1,para
ṣṭhīv,,4,para